CustomerID,Gender,Age,SeniorCitizen,Dependents,Region,Tenure_Months,Contract,InternetService,TechSupport,PaymentMethod,NumProducts,MonthlyCharges,TotalCharges,JoinDate,Churn,ChurnReason,CohortMonth
CUST0001,Male,53,0,No,West,52,Two Year,DSL,No,Bank Transfer,2,83.77,4354.28,2023-10-17,0,NA,2023-10
CUST0002,Male,21,0,Yes,North,15,Month-to-Month,Fiber Optic,No,Mailed Check,2,85.87,1308.34,2022-04-25,1,Financial Constraints,2022-04
CUST0003,Male,26,1,Yes,South,72,Two Year,Fiber Optic,No,Credit Card,3,35.66,2524.32,2022-01-26,0,NA,2022-01
CUST0004,Male,25,0,Yes,North,61,Month-to-Month,No Internet,Yes,Credit Card,1,52.51,3172.49,2022-10-09,1,Poor Customer Service,2022-10
CUST0005,Female,19,0,No,West,21,Month-to-Month,DSL,Yes,Electronic Check,2,77.36,1596.02,2022-09-08,1,Moved Away,2022-09
CUST0006,Female,46,0,Yes,South,24,One Year,Fiber Optic,No,Credit Card,1,26.36,656.46,2022-08-17,0,NA,2022-08
CUST0007,Male,40,0,No,West,3,One Year,Fiber Optic,Yes,Electronic Check,2,52.54,126.53,2022-05-23,0,NA,2022-05
CUST0008,Female,23,0,No,South,22,Month-to-Month,Fiber Optic,Yes,Credit Card,4,68.13,1506.21,2022-04-15,1,Financial Constraints,2022-04
CUST0009,Female,60,0,No,West,53,One Year,DSL,No,Electronic Check,1,109.66,5783.5,2023-11-24,0,NA,2023-11
CUST0010,Male,53,0,No,West,2,One Year,DSL,No,Electronic Check,2,62.71,161.58,2023-07-13,1,Lack of Features,2023-07
CUST0011,Male,63,0,Yes,South,30,Month-to-Month,Fiber Optic,No,Mailed Check,2,93.45,2847.72,2022-03-31,0,NA,2022-03
CUST0012,Female,38,0,No,South,38,Two Year,Fiber Optic,No,Bank Transfer,3,58.89,2239.67,2023-08-28,0,NA,2023-08
CUST0013,Female,39,1,Yes,West,2,Two Year,Fiber Optic,No,Mailed Check,2,91.68,168.59,2023-03-09,1,Switched to Competitor,2023-03
CUST0014,Female,26,0,No,North,64,One Year,No Internet,Yes,Electronic Check,3,73.59,4683.17,2022-02-02,0,NA,2022-02
CUST0015,Male,51,0,Yes,North,60,Month-to-Month,No Internet,No,Bank Transfer,3,99.79,5942.38,2022-01-31,0,NA,2022-01
CUST0016,Female,43,0,No,North,21,One Year,Fiber Optic,No,Credit Card,2,56.98,1173.43,2022-04-06,1,Lack of Features,2022-04
CUST0017,Female,18,1,No,North,33,Month-to-Month,DSL,Yes,Mailed Check,2,74.39,2470.29,2022-08-12,0,NA,2022-08
CUST0018,Male,53,0,No,South,58,Month-to-Month,Fiber Optic,Yes,Electronic Check,2,76.7,4451.96,2022-08-27,1,Switched to Competitor,2022-08
CUST0019,Female,61,0,Yes,South,22,Month-to-Month,Fiber Optic,Yes,Mailed Check,3,57.56,1310.72,2023-06-02,1,Lack of Features,2023-06
CUST0020,Male,22,1,No,North,49,Month-to-Month,DSL,No,Electronic Check,1,32.99,1606.14,2023-09-09,1,Better Price Elsewhere,2023-09
CUST0021,Male,58,0,Yes,East,59,Two Year,No Internet,No,Credit Card,2,28.42,1696.17,2022-01-28,0,NA,2022-01
CUST0022,Female,39,1,No,East,42,One Year,No Internet,No,Credit Card,3,21.5,901.93,2023-07-29,0,NA,2023-07
CUST0023,Male,21,0,No,East,60,One Year,DSL,No,Bank Transfer,2,98.62,5918.46,2022-07-23,0,NA,2022-07
CUST0024,Male,65,0,No,West,15,Month-to-Month,Fiber Optic,Yes,Mailed Check,2,41.28,595.98,2023-10-28,0,NA,2023-10
CUST0025,Female,19,1,No,North,62,Month-to-Month,No Internet,No,Credit Card,2,39.04,2415.98,2023-12-20,1,Financial Constraints,2023-12
CUST0026,Male,33,0,No,West,62,Month-to-Month,Fiber Optic,No,Mailed Check,1,86.24,5343.96,2023-07-13,1,Better Price Elsewhere,2023-07
CUST0027,Female,33,0,No,South,47,Two Year,DSL,Yes,Credit Card,2,48.8,2314.26,2023-03-06,0,NA,2023-03
CUST0028,Male,39,0,No,South,62,Month-to-Month,Fiber Optic,No,Bank Transfer,2,65.54,4107.54,2022-08-14,0,NA,2022-08
CUST0029,Male,60,1,No,East,51,Two Year,DSL,Yes,Bank Transfer,4,34.63,1749.06,2023-04-05,0,NA,2023-04
CUST0030,Female,18,0,No,East,55,One Year,Fiber Optic,No,Bank Transfer,1,106.38,5805.12,2023-08-27,1,Moved Away,2023-08
CUST0031,Female,32,0,Yes,South,64,Month-to-Month,Fiber Optic,No,Mailed Check,3,96.64,6184.59,2022-10-12,0,NA,2022-10
CUST0032,Female,41,0,No,East,3,One Year,No Internet,No,Credit Card,2,97.74,297.67,2022-01-07,0,NA,2022-01
CUST0033,Male,21,0,No,East,51,Month-to-Month,Fiber Optic,No,Mailed Check,1,56.61,2853.95,2022-06-13,0,NA,2022-06
CUST0034,Female,35,0,Yes,South,7,Two Year,DSL,Yes,Bank Transfer,3,88.61,646.32,2023-12-16,0,NA,2023-12
CUST0035,Male,34,0,No,West,21,Two Year,Fiber Optic,No,Electronic Check,1,32.95,740.44,2023-03-09,1,Poor Customer Service,2023-03
CUST0036,Female,24,0,No,East,39,Month-to-Month,Fiber Optic,Yes,Bank Transfer,4,20.78,855.0,2022-12-15,0,NA,2022-12
CUST0037,Male,67,0,Yes,West,18,Month-to-Month,Fiber Optic,No,Bank Transfer,3,21.8,362.11,2022-10-12,0,NA,2022-10
CUST0038,Female,62,0,No,East,4,One Year,Fiber Optic,No,Electronic Check,1,72.79,328.7,2022-06-09,1,Switched to Competitor,2022-06
CUST0039,Male,69,0,No,North,60,Two Year,No Internet,No,Electronic Check,1,60.99,3679.85,2022-08-09,0,NA,2022-08
CUST0040,Female,69,0,No,West,14,Month-to-Month,Fiber Optic,Yes,Bank Transfer,2,66.62,928.06,2022-12-11,1,Switched to Competitor,2022-12
CUST0041,Male,27,1,No,West,9,One Year,No Internet,No,Bank Transfer,2,20.67,190.09,2022-04-15,0,NA,2022-04
CUST0042,Male,18,0,No,East,53,One Year,DSL,No,Mailed Check,2,58.04,3111.08,2022-04-05,0,NA,2022-04
CUST0043,Male,19,0,Yes,West,2,One Year,Fiber Optic,No,Electronic Check,2,84.63,167.27,2023-01-25,1,Better Price Elsewhere,2023-01
CUST0044,Male,66,0,No,North,60,Month-to-Month,DSL,Yes,Bank Transfer,2,59.84,3577.72,2022-04-10,0,NA,2022-04
CUST0045,Female,39,0,No,South,71,One Year,DSL,Yes,Electronic Check,1,85.9,6098.22,2023-01-03,0,NA,2023-01
CUST0046,Male,49,0,No,North,44,Two Year,DSL,Yes,Mailed Check,3,40.97,1810.59,2022-12-19,0,NA,2022-12
CUST0047,Female,46,0,No,South,8,Month-to-Month,Fiber Optic,No,Electronic Check,3,93.18,714.35,2023-09-11,1,Poor Customer Service,2023-09
CUST0048,Male,52,0,No,North,47,Month-to-Month,Fiber Optic,No,Electronic Check,2,72.96,3469.21,2022-09-28,0,NA,2022-09
CUST0049,Female,34,1,No,North,35,Two Year,No Internet,No,Electronic Check,3,38.97,1381.37,2022-02-14,0,NA,2022-02
CUST0050,Male,29,0,No,West,36,Month-to-Month,No Internet,Yes,Mailed Check,1,41.3,1500.13,2023-04-16,1,Poor Customer Service,2023-04
CUST0051,Male,41,0,No,North,50,Two Year,No Internet,Yes,Electronic Check,1,76.52,3785.95,2023-07-04,0,NA,2023-07
CUST0052,Female,47,0,No,East,4,Month-to-Month,Fiber Optic,No,Mailed Check,2,94.69,389.18,2022-05-08,1,Financial Constraints,2022-05
CUST0053,Female,61,1,No,East,2,Month-to-Month,No Internet,No,Mailed Check,2,57.41,76.92,2023-01-23,0,NA,2023-01
CUST0054,Male,47,0,No,East,6,Two Year,DSL,No,Mailed Check,2,43.25,217.37,2022-03-22,0,NA,2022-03
CUST0055,Female,37,0,Yes,East,54,Month-to-Month,DSL,No,Mailed Check,3,98.03,5296.35,2023-07-20,0,NA,2023-07
CUST0056,Female,59,0,No,West,4,One Year,Fiber Optic,No,Credit Card,4,80.23,311.2,2022-10-28,0,NA,2022-10
CUST0057,Female,24,0,No,East,54,Month-to-Month,DSL,No,Electronic Check,2,60.33,3266.7,2023-10-06,1,Better Price Elsewhere,2023-10
CUST0058,Male,59,0,No,North,63,One Year,Fiber Optic,No,Mailed Check,3,63.91,3985.25,2023-09-26,0,NA,2023-09
CUST0059,Female,67,0,No,East,18,Month-to-Month,Fiber Optic,No,Electronic Check,1,38.38,683.94,2023-01-06,1,Moved Away,2023-01
CUST0060,Male,55,0,No,West,44,Month-to-Month,No Internet,Yes,Electronic Check,1,76.41,3329.52,2023-08-15,0,NA,2023-08
CUST0061,Female,24,0,Yes,South,34,Two Year,Fiber Optic,Yes,Bank Transfer,3,52.29,1826.57,2022-07-16,0,NA,2022-07
CUST0062,Female,66,0,No,North,62,Month-to-Month,Fiber Optic,Yes,Mailed Check,2,109.61,6801.94,2023-12-23,0,NA,2023-12
CUST0063,Male,47,0,No,North,14,One Year,Fiber Optic,No,Credit Card,2,63.22,903.82,2022-03-13,0,NA,2022-03
CUST0064,Female,29,0,Yes,West,48,Month-to-Month,No Internet,Yes,Mailed Check,2,63.73,3041.58,2022-02-16,0,NA,2022-02
CUST0065,Female,66,0,Yes,South,15,One Year,DSL,Yes,Credit Card,2,70.93,1023.42,2023-11-09,0,NA,2023-11
CUST0066,Female,48,0,No,East,72,Month-to-Month,Fiber Optic,Yes,Electronic Check,1,102.51,7428.31,2022-08-22,1,Moved Away,2022-08
CUST0067,Female,35,0,No,South,62,Two Year,No Internet,No,Electronic Check,2,92.07,5686.97,2022-10-24,0,NA,2022-10
CUST0068,Female,63,0,No,North,40,Month-to-Month,No Internet,Yes,Electronic Check,1,60.6,2416.38,2022-03-23,0,NA,2022-03
CUST0069,Female,60,0,No,North,53,Month-to-Month,Fiber Optic,No,Electronic Check,1,84.68,4503.03,2022-08-27,1,Poor Customer Service,2022-08
CUST0070,Female,19,0,No,North,24,Month-to-Month,DSL,Yes,Mailed Check,2,72.76,1698.71,2022-04-14,0,NA,2022-04
CUST0071,Male,50,1,No,South,26,Month-to-Month,DSL,Yes,Bank Transfer,1,64.31,1703.09,2023-01-25,0,NA,2023-01
CUST0072,Male,28,0,No,East,60,One Year,DSL,No,Electronic Check,3,37.31,2242.26,2022-10-12,0,NA,2022-10
CUST0073,Male,51,0,Yes,North,41,Month-to-Month,Fiber Optic,Yes,Credit Card,1,61.75,2509.57,2023-04-10,0,NA,2023-04
CUST0074,Male,33,0,No,West,29,Two Year,No Internet,Yes,Credit Card,1,42.12,1177.64,2023-10-13,0,NA,2023-10
CUST0075,Male,52,0,No,East,15,Month-to-Month,DSL,Yes,Electronic Check,2,102.34,1501.35,2023-01-09,1,Financial Constraints,2023-01
CUST0076,Female,69,0,No,North,45,Month-to-Month,Fiber Optic,No,Electronic Check,2,50.19,2298.05,2022-06-16,0,NA,2022-06
CUST0077,Male,50,0,No,East,65,One Year,Fiber Optic,No,Electronic Check,1,105.7,6889.1,2023-01-15,0,NA,2023-01
CUST0078,Male,38,1,No,West,71,One Year,Fiber Optic,Yes,Electronic Check,1,67.97,4800.86,2022-12-30,0,NA,2022-12
CUST0079,Female,37,0,Yes,South,9,Month-to-Month,Fiber Optic,Yes,Electronic Check,4,76.84,648.12,2022-08-03,1,Lack of Features,2022-08
CUST0080,Male,25,1,Yes,North,1,Month-to-Month,DSL,No,Mailed Check,3,68.86,87.92,2023-11-18,1,Better Price Elsewhere,2023-11
CUST0081,Female,68,0,Yes,West,8,Month-to-Month,Fiber Optic,No,Electronic Check,2,31.64,260.36,2022-10-01,0,NA,2022-10
CUST0082,Female,43,0,Yes,North,63,One Year,Fiber Optic,No,Mailed Check,2,53.82,3381.11,2023-12-20,0,NA,2023-12
CUST0083,Male,50,0,No,North,11,One Year,DSL,No,Credit Card,1,28.92,304.48,2023-12-01,0,NA,2023-12
CUST0084,Male,43,0,Yes,South,8,Month-to-Month,Fiber Optic,No,Bank Transfer,2,76.07,580.24,2023-10-26,1,Lack of Features,2023-10
CUST0085,Female,54,0,Yes,South,35,Two Year,No Internet,No,Credit Card,2,60.22,2124.66,2022-03-15,0,NA,2022-03
CUST0086,Female,47,0,No,East,35,Two Year,Fiber Optic,No,Electronic Check,3,90.02,3197.77,2023-09-16,0,NA,2023-09
CUST0087,Male,48,0,No,West,33,One Year,Fiber Optic,No,Mailed Check,1,39.84,1282.29,2023-10-13,1,Switched to Competitor,2023-10
CUST0088,Female,50,1,Yes,West,5,Two Year,Fiber Optic,Yes,Mailed Check,3,34.81,183.76,2022-06-25,0,NA,2022-06
CUST0089,Male,28,0,No,South,41,Month-to-Month,Fiber Optic,No,Electronic Check,1,56.57,2311.79,2023-07-01,0,NA,2023-07
CUST0090,Male,58,0,No,North,28,Month-to-Month,Fiber Optic,No,Electronic Check,1,103.39,2889.59,2022-09-08,1,Financial Constraints,2022-09
CUST0091,Male,22,1,Yes,East,7,Month-to-Month,DSL,Yes,Bank Transfer,1,83.94,562.99,2022-06-17,0,NA,2022-06
CUST0092,Male,19,0,Yes,South,72,Month-to-Month,No Internet,No,Bank Transfer,1,57.7,4186.91,2023-04-19,0,NA,2023-04
CUST0093,Female,30,0,No,East,12,One Year,Fiber Optic,No,Mailed Check,4,66.55,797.13,2023-01-24,0,NA,2023-01
CUST0094,Female,35,0,No,East,34,Two Year,DSL,No,Mailed Check,2,27.58,942.06,2022-10-04,0,NA,2022-10
CUST0095,Male,43,0,No,West,33,Month-to-Month,DSL,No,Mailed Check,1,108.61,3564.61,2023-10-18,1,Moved Away,2023-10
CUST0096,Male,42,0,Yes,East,48,Month-to-Month,No Internet,No,Electronic Check,4,79.98,3807.22,2023-12-06,1,Better Price Elsewhere,2023-12
CUST0097,Female,61,0,No,West,23,Month-to-Month,Fiber Optic,Yes,Electronic Check,3,45.69,1009.46,2023-07-25,1,Poor Customer Service,2023-07
CUST0098,Female,31,0,No,North,62,Two Year,Fiber Optic,No,Electronic Check,3,72.72,4530.05,2022-08-13,0,NA,2022-08
CUST0099,Female,22,0,Yes,North,37,Month-to-Month,Fiber Optic,No,Electronic Check,4,29.85,1074.07,2023-12-03,0,NA,2023-12
CUST0100,Female,59,0,No,South,44,One Year,DSL,Yes,Credit Card,1,106.93,4723.93,2022-11-29,0,NA,2022-11
CUST0101,Female,69,0,No,North,35,Month-to-Month,No Internet,Yes,Bank Transfer,3,35.73,1239.59,2022-02-27,0,NA,2022-02
CUST0102,Male,19,0,No,West,65,Month-to-Month,Fiber Optic,No,Bank Transfer,3,78.32,5082.38,2022-08-23,0,NA,2022-08
CUST0103,Male,21,0,No,East,47,Two Year,Fiber Optic,Yes,Electronic Check,3,42.09,1975.15,2022-02-02,0,NA,2022-02
CUST0104,Male,29,0,No,East,3,Two Year,No Internet,No,Mailed Check,3,84.58,240.51,2022-11-20,0,NA,2022-11
CUST0105,Male,28,0,No,North,1,Month-to-Month,No Internet,Yes,Electronic Check,2,89.91,49.97,2023-02-15,1,Lack of Features,2023-02
CUST0106,Female,21,0,No,West,5,Two Year,No Internet,Yes,Electronic Check,3,80.61,384.01,2022-10-02,0,NA,2022-10
CUST0107,Female,60,0,Yes,East,14,One Year,DSL,No,Electronic Check,1,75.3,1070.57,2022-03-09,1,Moved Away,2022-03
CUST0108,Male,26,1,No,North,27,Two Year,Fiber Optic,Yes,Credit Card,2,100.32,2725.22,2022-08-05,0,NA,2022-08
CUST0109,Male,27,0,Yes,West,9,Month-to-Month,DSL,No,Bank Transfer,1,27.08,222.34,2023-08-04,0,NA,2023-08
CUST0110,Female,44,0,Yes,West,15,One Year,DSL,No,Mailed Check,4,49.78,742.71,2022-11-19,0,NA,2022-11
CUST0111,Male,23,0,No,East,42,Month-to-Month,Fiber Optic,Yes,Mailed Check,1,42.35,1748.04,2022-08-06,0,NA,2022-08
CUST0112,Male,32,0,No,South,51,One Year,DSL,Yes,Credit Card,2,108.92,5525.96,2023-11-03,0,NA,2023-11
CUST0113,Female,59,0,No,South,63,Month-to-Month,DSL,Yes,Electronic Check,2,55.05,3420.45,2023-05-27,0,NA,2023-05
CUST0114,Female,48,0,No,West,52,Month-to-Month,Fiber Optic,Yes,Electronic Check,4,85.94,4508.55,2023-02-10,0,NA,2023-02
CUST0115,Female,39,0,Yes,West,4,Month-to-Month,No Internet,No,Mailed Check,2,81.63,297.59,2023-10-21,1,Better Price Elsewhere,2023-10
CUST0116,Male,23,1,No,North,23,One Year,DSL,No,Bank Transfer,3,39.09,871.82,2023-04-15,0,NA,2023-04
CUST0117,Female,50,0,No,West,15,Month-to-Month,No Internet,Yes,Credit Card,3,41.51,600.61,2022-05-27,0,NA,2022-05
CUST0118,Female,46,0,No,North,43,One Year,Fiber Optic,No,Electronic Check,2,45.32,1911.5,2022-09-29,1,Switched to Competitor,2022-09
CUST0119,Male,38,0,No,North,29,Two Year,Fiber Optic,Yes,Credit Card,2,57.0,1666.93,2022-05-23,0,NA,2022-05
CUST0120,Female,69,0,No,North,36,Month-to-Month,DSL,Yes,Credit Card,3,41.09,1436.75,2022-09-10,0,NA,2022-09
CUST0121,Male,47,1,No,West,13,One Year,Fiber Optic,Yes,Electronic Check,4,21.77,246.43,2023-07-29,1,Switched to Competitor,2023-07
CUST0122,Male,38,1,No,West,32,Month-to-Month,DSL,No,Mailed Check,3,99.15,3187.28,2023-07-06,1,Moved Away,2023-07
CUST0123,Male,53,0,Yes,North,71,Two Year,DSL,No,Mailed Check,1,106.9,7573.87,2022-09-27,0,NA,2022-09
CUST0124,Male,39,1,No,East,59,Month-to-Month,Fiber Optic,No,Credit Card,3,50.74,3014.45,2023-08-22,0,NA,2023-08
CUST0125,Female,63,0,No,West,28,One Year,DSL,Yes,Electronic Check,2,50.47,1418.9,2023-03-15,0,NA,2023-03
CUST0126,Male,37,1,No,South,66,Two Year,DSL,Yes,Credit Card,2,20.64,1337.84,2023-08-21,0,NA,2023-08
CUST0127,Female,39,0,No,East,42,Two Year,Fiber Optic,No,Electronic Check,3,81.22,3426.32,2023-02-13,0,NA,2023-02
CUST0128,Female,69,0,No,South,45,One Year,No Internet,No,Bank Transfer,1,94.29,4204.68,2023-01-06,0,NA,2023-01
CUST0129,Female,57,0,No,West,62,Month-to-Month,No Internet,No,Mailed Check,3,33.19,2061.42,2022-08-13,0,NA,2022-08
CUST0130,Female,28,0,No,East,57,One Year,DSL,Yes,Bank Transfer,2,34.37,1952.8,2022-05-22,0,NA,2022-05
CUST0131,Female,64,0,No,West,6,Two Year,DSL,Yes,Credit Card,3,91.11,523.45,2023-06-06,0,NA,2023-06
CUST0132,Male,48,0,No,West,28,One Year,DSL,No,Credit Card,1,75.47,2123.56,2023-05-21,1,Poor Customer Service,2023-05
CUST0133,Female,68,0,No,East,28,Month-to-Month,No Internet,No,Credit Card,2,24.04,710.25,2022-04-04,0,NA,2022-04
CUST0134,Male,57,0,No,West,44,Two Year,DSL,No,Electronic Check,3,76.03,3395.21,2022-02-18,0,NA,2022-02
CUST0135,Male,30,0,Yes,East,30,One Year,DSL,No,Bank Transfer,1,47.8,1444.78,2022-04-23,0,NA,2022-04
CUST0136,Male,35,1,No,West,62,One Year,No Internet,No,Electronic Check,1,53.19,3288.25,2022-06-06,0,NA,2022-06
CUST0137,Female,39,0,Yes,North,62,Month-to-Month,Fiber Optic,No,Mailed Check,4,89.28,5507.88,2023-10-05,0,NA,2023-10
CUST0138,Female,34,1,No,South,1,One Year,No Internet,No,Mailed Check,1,92.98,68.69,2022-06-13,0,NA,2022-06
CUST0139,Female,55,0,No,North,27,Month-to-Month,Fiber Optic,No,Mailed Check,4,56.03,1510.76,2023-11-28,0,NA,2023-11
CUST0140,Female,42,0,No,West,62,One Year,Fiber Optic,No,Mailed Check,1,105.24,6511.61,2023-03-09,0,NA,2023-03
CUST0141,Male,49,0,No,West,3,Month-to-Month,Fiber Optic,Yes,Credit Card,2,56.58,211.12,2023-09-03,1,Financial Constraints,2023-09
CUST0142,Female,32,0,No,West,70,One Year,No Internet,Yes,Electronic Check,3,89.47,6249.73,2022-03-07,0,NA,2022-03
CUST0143,Female,30,0,Yes,North,72,Two Year,No Internet,No,Bank Transfer,3,63.55,4562.94,2023-01-30,0,NA,2023-01
CUST0144,Male,43,0,No,West,27,Month-to-Month,DSL,No,Mailed Check,2,100.78,2709.41,2023-01-26,0,NA,2023-01
CUST0145,Male,67,0,No,East,9,Two Year,DSL,No,Electronic Check,2,101.7,948.96,2023-09-03,0,NA,2023-09
CUST0146,Male,28,0,No,South,62,Month-to-Month,DSL,Yes,Electronic Check,3,27.87,1743.02,2023-04-25,0,NA,2023-04
CUST0147,Male,30,0,No,West,37,Two Year,No Internet,Yes,Credit Card,1,104.28,3869.78,2023-06-26,0,NA,2023-06
CUST0148,Male,50,0,No,West,51,One Year,DSL,No,Credit Card,2,94.3,4792.71,2022-09-15,1,Moved Away,2022-09
CUST0149,Male,67,0,No,South,44,One Year,Fiber Optic,Yes,Credit Card,1,91.22,4045.47,2023-07-21,0,NA,2023-07
CUST0150,Male,54,0,No,South,24,One Year,Fiber Optic,Yes,Credit Card,2,38.08,867.76,2022-01-12,0,NA,2022-01
CUST0151,Female,55,0,No,South,59,Two Year,No Internet,Yes,Electronic Check,1,92.46,5492.22,2023-11-28,0,NA,2023-11
CUST0152,Female,18,0,Yes,North,32,Month-to-Month,DSL,No,Mailed Check,2,96.51,3089.59,2022-04-28,1,Better Price Elsewhere,2022-04
CUST0153,Male,56,0,No,North,52,Month-to-Month,Fiber Optic,Yes,Bank Transfer,2,46.02,2382.87,2023-11-30,0,NA,2023-11
CUST0154,Male,44,0,No,West,62,One Year,Fiber Optic,No,Mailed Check,1,105.7,6553.12,2023-07-04,0,NA,2023-07
CUST0155,Female,53,0,Yes,South,58,Two Year,No Internet,No,Mailed Check,1,24.49,1437.16,2022-10-01,0,NA,2022-10
CUST0156,Male,49,0,Yes,West,52,One Year,Fiber Optic,No,Mailed Check,3,33.49,1692.76,2023-10-19,0,NA,2023-10
CUST0157,Male,58,0,No,West,12,One Year,DSL,No,Bank Transfer,2,68.38,857.72,2022-12-15,0,NA,2022-12
CUST0158,Male,32,0,No,West,39,Month-to-Month,No Internet,Yes,Bank Transfer,3,71.82,2795.65,2022-04-25,0,NA,2022-04
CUST0159,Male,48,0,Yes,North,2,Two Year,Fiber Optic,Yes,Electronic Check,3,78.06,140.42,2022-10-28,0,NA,2022-10
CUST0160,Male,23,0,No,South,3,Month-to-Month,Fiber Optic,Yes,Mailed Check,1,21.53,28.41,2023-03-22,1,Poor Customer Service,2023-03
CUST0161,Female,42,0,No,West,56,One Year,DSL,No,Mailed Check,2,106.43,5954.03,2022-06-11,0,NA,2022-06
CUST0162,Male,66,0,Yes,North,59,Month-to-Month,No Internet,Yes,Bank Transfer,1,24.01,1416.22,2023-04-10,0,NA,2023-04
CUST0163,Male,69,0,Yes,East,2,Month-to-Month,DSL,Yes,Electronic Check,3,32.88,56.12,2022-01-04,0,NA,2022-01
CUST0164,Male,35,0,No,East,2,Month-to-Month,No Internet,No,Bank Transfer,4,21.26,60.39,2022-09-27,0,NA,2022-09
CUST0165,Female,39,0,Yes,West,54,Month-to-Month,Fiber Optic,Yes,Electronic Check,2,71.02,3827.17,2023-05-28,0,NA,2023-05
CUST0166,Female,48,1,No,West,1,One Year,DSL,Yes,Mailed Check,3,103.9,150.04,2022-07-02,0,NA,2022-07
CUST0167,Male,53,0,No,South,19,Month-to-Month,DSL,No,Bank Transfer,1,79.94,1528.79,2023-06-04,1,Better Price Elsewhere,2023-06
CUST0168,Male,26,0,No,South,2,Month-to-Month,No Internet,No,Mailed Check,2,94.04,218.83,2022-04-19,0,NA,2022-04
CUST0169,Male,63,0,Yes,West,53,Month-to-Month,Fiber Optic,Yes,Electronic Check,3,21.2,1084.54,2023-10-03,1,Better Price Elsewhere,2023-10
CUST0170,Male,20,0,Yes,North,44,Month-to-Month,No Internet,Yes,Bank Transfer,1,68.78,3016.05,2022-11-02,0,NA,2022-11
CUST0171,Female,50,0,Yes,West,32,Month-to-Month,DSL,No,Mailed Check,1,61.36,1947.2,2023-10-17,0,NA,2023-10
CUST0172,Female,44,0,Yes,South,70,Month-to-Month,Fiber Optic,Yes,Credit Card,2,64.91,4550.65,2023-06-04,1,Switched to Competitor,2023-06
CUST0173,Male,60,0,No,South,32,One Year,Fiber Optic,No,Bank Transfer,3,26.5,884.11,2023-09-16,0,NA,2023-09
CUST0174,Male,18,0,Yes,North,68,One Year,No Internet,Yes,Bank Transfer,2,81.6,5506.63,2022-07-23,0,NA,2022-07
CUST0175,Female,61,0,No,West,55,One Year,Fiber Optic,No,Mailed Check,4,65.29,3548.21,2022-06-06,0,NA,2022-06
CUST0176,Female,26,1,No,South,56,Month-to-Month,Fiber Optic,Yes,Electronic Check,1,88.86,5011.19,2023-01-18,1,Switched to Competitor,2023-01
CUST0177,Male,22,0,Yes,West,17,Month-to-Month,Fiber Optic,No,Electronic Check,2,63.68,1053.85,2022-06-15,0,NA,2022-06
CUST0178,Male,32,1,Yes,South,38,Two Year,No Internet,Yes,Mailed Check,3,33.44,1287.6,2023-07-07,0,NA,2023-07
CUST0179,Male,67,1,Yes,East,24,One Year,DSL,No,Bank Transfer,1,78.34,1884.45,2023-06-28,0,NA,2023-06
CUST0180,Female,26,0,Yes,East,69,Month-to-Month,No Internet,Yes,Mailed Check,3,35.51,2483.48,2022-01-01,0,NA,2022-01
CUST0181,Female,62,0,No,East,70,Month-to-Month,Fiber Optic,Yes,Electronic Check,1,98.52,6858.91,2023-09-06,1,Financial Constraints,2023-09
CUST0182,Female,45,0,No,South,11,Month-to-Month,DSL,No,Electronic Check,1,75.18,789.96,2022-11-28,1,Moved Away,2022-11
CUST0183,Female,30,0,No,North,16,Month-to-Month,DSL,No,Mailed Check,1,34.15,552.08,2023-05-16,0,NA,2023-05
CUST0184,Male,41,0,No,East,59,Month-to-Month,No Internet,No,Electronic Check,4,106.61,6334.63,2022-01-20,0,NA,2022-01
CUST0185,Female,62,0,No,South,70,One Year,No Internet,No,Bank Transfer,2,66.65,4657.0,2022-04-25,0,NA,2022-04
CUST0186,Female,27,0,No,West,3,One Year,Fiber Optic,No,Electronic Check,3,26.56,62.37,2023-01-07,0,NA,2023-01
CUST0187,Female,59,0,No,East,20,One Year,DSL,No,Bank Transfer,2,76.41,1538.87,2022-11-11,0,NA,2022-11
CUST0188,Male,39,0,Yes,North,59,One Year,Fiber Optic,No,Credit Card,2,42.79,2567.65,2022-09-03,0,NA,2022-09
CUST0189,Female,56,0,Yes,North,36,Two Year,DSL,No,Electronic Check,2,92.33,3357.57,2022-03-01,0,NA,2022-03
CUST0190,Female,39,0,No,North,19,One Year,Fiber Optic,Yes,Mailed Check,4,93.6,1827.95,2022-09-04,1,Lack of Features,2022-09
CUST0191,Female,54,0,No,West,67,Two Year,Fiber Optic,No,Electronic Check,3,108.11,7195.63,2023-08-04,1,Moved Away,2023-08
CUST0192,Male,69,0,No,West,19,Month-to-Month,Fiber Optic,No,Bank Transfer,3,65.17,1199.52,2022-03-22,1,Poor Customer Service,2022-03
CUST0193,Female,56,0,No,North,20,Month-to-Month,DSL,Yes,Mailed Check,1,60.95,1229.95,2022-03-29,0,NA,2022-03
CUST0194,Male,37,0,No,North,71,Month-to-Month,Fiber Optic,No,Mailed Check,2,87.81,6266.57,2023-05-13,1,Lack of Features,2023-05
CUST0195,Male,27,0,No,North,52,One Year,DSL,Yes,Mailed Check,2,31.92,1638.36,2022-03-12,0,NA,2022-03
CUST0196,Female,27,0,No,West,33,Two Year,Fiber Optic,No,Credit Card,4,69.22,2258.18,2023-06-30,0,NA,2023-06
CUST0197,Male,43,0,No,West,40,Month-to-Month,Fiber Optic,Yes,Electronic Check,1,69.16,2795.1,2022-05-09,0,NA,2022-05
CUST0198,Female,42,0,No,South,39,Two Year,No Internet,Yes,Electronic Check,1,28.05,1049.59,2022-05-12,0,NA,2022-05
CUST0199,Male,45,0,No,East,1,Month-to-Month,Fiber Optic,No,Credit Card,2,57.62,44.56,2023-11-07,0,NA,2023-11
CUST0200,Male,30,1,No,West,11,Two Year,Fiber Optic,No,Bank Transfer,1,96.8,1065.38,2023-05-02,0,NA,2023-05
CUST0201,Female,32,0,No,North,57,Month-to-Month,DSL,No,Credit Card,1,97.05,5537.88,2023-07-17,0,NA,2023-07
CUST0202,Female,23,0,No,East,50,Month-to-Month,Fiber Optic,No,Bank Transfer,3,28.93,1469.36,2022-06-19,1,Switched to Competitor,2022-06
CUST0203,Male,69,0,No,West,23,Month-to-Month,Fiber Optic,No,Credit Card,2,28.16,633.16,2022-09-29,0,NA,2022-09
CUST0204,Male,29,0,No,East,31,Month-to-Month,Fiber Optic,Yes,Mailed Check,3,43.64,1364.11,2023-06-25,0,NA,2023-06
CUST0205,Male,36,0,No,South,42,Month-to-Month,No Internet,No,Bank Transfer,3,98.73,4155.2,2023-09-14,1,Poor Customer Service,2023-09
CUST0206,Male,49,0,Yes,West,7,Month-to-Month,DSL,No,Credit Card,1,31.6,225.96,2023-03-10,0,NA,2023-03
CUST0207,Female,28,1,No,North,16,Two Year,DSL,No,Bank Transfer,2,84.8,1370.85,2022-08-05,0,NA,2022-08
CUST0208,Male,55,0,Yes,North,60,One Year,DSL,Yes,Electronic Check,1,29.1,1721.94,2023-07-07,0,NA,2023-07
CUST0209,Male,50,0,No,South,2,Month-to-Month,Fiber Optic,No,Electronic Check,4,76.08,110.62,2023-12-08,0,NA,2023-12
CUST0210,Female,19,0,No,South,1,One Year,Fiber Optic,Yes,Electronic Check,2,52.05,13.98,2022-07-25,1,Switched to Competitor,2022-07
CUST0211,Male,32,0,No,South,48,One Year,DSL,No,Electronic Check,2,91.0,4340.46,2024-01-01,0,NA,2024-01
CUST0212,Female,53,0,Yes,South,12,Month-to-Month,Fiber Optic,No,Electronic Check,2,41.03,492.38,2022-11-16,1,Moved Away,2022-11
CUST0213,Female,22,0,No,South,69,Month-to-Month,Fiber Optic,No,Mailed Check,2,77.53,5383.61,2023-02-13,1,Better Price Elsewhere,2023-02
CUST0214,Female,32,0,No,West,37,Month-to-Month,Fiber Optic,No,Bank Transfer,1,41.21,1544.9,2023-11-19,0,NA,2023-11
CUST0215,Male,60,0,No,West,32,Month-to-Month,Fiber Optic,Yes,Mailed Check,2,84.23,2724.26,2023-10-28,0,NA,2023-10
CUST0216,Female,27,1,Yes,East,9,One Year,No Internet,No,Bank Transfer,3,98.63,872.77,2023-01-18,1,Better Price Elsewhere,2023-01
CUST0217,Female,34,0,No,South,19,Month-to-Month,Fiber Optic,No,Electronic Check,3,31.41,587.26,2023-03-25,0,NA,2023-03
CUST0218,Female,51,0,No,North,48,One Year,DSL,Yes,Electronic Check,2,97.99,4692.89,2023-06-14,1,Moved Away,2023-06
CUST0219,Male,69,0,Yes,North,3,One Year,Fiber Optic,No,Electronic Check,2,73.42,189.45,2023-04-08,1,Moved Away,2023-04
CUST0220,Male,41,0,No,South,20,Month-to-Month,No Internet,Yes,Mailed Check,3,31.44,584.92,2022-05-04,0,NA,2022-05
CUST0221,Male,27,1,No,South,24,One Year,Fiber Optic,No,Electronic Check,1,58.48,1412.61,2022-09-11,0,NA,2022-09
CUST0222,Male,69,0,No,South,54,Month-to-Month,Fiber Optic,No,Electronic Check,3,34.48,1910.84,2022-08-19,0,NA,2022-08
CUST0223,Female,47,0,No,South,33,Two Year,DSL,No,Mailed Check,1,83.03,2706.67,2022-03-07,0,NA,2022-03
CUST0224,Female,20,0,No,South,24,Month-to-Month,DSL,Yes,Credit Card,3,88.3,2073.87,2022-12-13,0,NA,2022-12
CUST0225,Female,68,0,No,North,72,Two Year,Fiber Optic,Yes,Electronic Check,2,29.52,2153.39,2022-01-22,1,Financial Constraints,2022-01
CUST0226,Male,54,0,No,East,36,One Year,Fiber Optic,No,Bank Transfer,2,65.55,2335.06,2023-08-26,0,NA,2023-08
CUST0227,Female,20,1,Yes,South,38,Month-to-Month,Fiber Optic,No,Bank Transfer,3,93.32,3579.12,2023-07-22,0,NA,2023-07
CUST0228,Male,57,0,Yes,South,25,One Year,Fiber Optic,Yes,Credit Card,1,104.25,2626.64,2022-08-24,0,NA,2022-08
CUST0229,Male,22,0,No,South,18,Two Year,Fiber Optic,Yes,Credit Card,2,66.22,1236.53,2023-08-26,1,Financial Constraints,2023-08
CUST0230,Male,45,0,No,West,66,One Year,DSL,Yes,Electronic Check,2,105.53,6955.87,2022-08-14,0,NA,2022-08
CUST0231,Female,61,0,No,North,54,Two Year,Fiber Optic,No,Electronic Check,3,68.21,3699.54,2022-01-08,0,NA,2022-01
CUST0232,Female,31,0,No,North,35,Two Year,Fiber Optic,No,Credit Card,1,55.48,1938.29,2022-03-14,0,NA,2022-03
CUST0233,Male,56,0,No,East,61,Month-to-Month,DSL,No,Mailed Check,3,96.34,5889.8,2023-12-26,0,NA,2023-12
CUST0234,Female,28,1,No,West,41,Month-to-Month,No Internet,No,Mailed Check,2,64.37,2634.13,2023-10-09,0,NA,2023-10
CUST0235,Male,25,1,Yes,West,33,One Year,DSL,No,Bank Transfer,1,62.47,2030.37,2022-03-02,0,NA,2022-03
CUST0236,Female,54,0,No,West,68,Month-to-Month,Fiber Optic,No,Bank Transfer,3,64.13,4361.63,2022-08-23,0,NA,2022-08
CUST0237,Male,25,0,No,East,33,Two Year,Fiber Optic,Yes,Credit Card,1,96.21,3177.79,2022-03-11,0,NA,2022-03
CUST0238,Male,29,0,No,East,14,Two Year,No Internet,No,Credit Card,2,94.87,1359.24,2022-02-02,1,Better Price Elsewhere,2022-02
CUST0239,Male,32,1,Yes,East,21,Month-to-Month,Fiber Optic,No,Bank Transfer,1,56.32,1206.27,2022-12-05,1,Lack of Features,2022-12
CUST0240,Female,36,1,No,West,48,Month-to-Month,Fiber Optic,No,Electronic Check,2,50.0,2416.38,2022-03-14,1,Poor Customer Service,2022-03
CUST0241,Female,65,0,Yes,North,20,One Year,DSL,No,Credit Card,2,64.27,1246.74,2023-06-11,0,NA,2023-06
CUST0242,Female,63,0,Yes,West,8,Month-to-Month,DSL,No,Electronic Check,2,71.55,594.46,2022-09-01,1,Switched to Competitor,2022-09
CUST0243,Female,45,0,Yes,East,7,Two Year,DSL,No,Electronic Check,2,41.45,290.18,2022-10-13,0,NA,2022-10
CUST0244,Female,24,0,No,West,67,Month-to-Month,Fiber Optic,No,Credit Card,2,91.46,6167.23,2023-11-17,1,Switched to Competitor,2023-11
CUST0245,Male,57,0,No,South,17,One Year,Fiber Optic,Yes,Electronic Check,1,63.78,1126.25,2023-05-13,1,Better Price Elsewhere,2023-05
CUST0246,Female,24,0,No,West,33,Month-to-Month,No Internet,No,Electronic Check,2,50.06,1607.5,2022-08-08,1,Better Price Elsewhere,2022-08
CUST0247,Male,47,0,No,West,48,One Year,Fiber Optic,No,Electronic Check,4,29.61,1453.34,2023-07-07,0,NA,2023-07
CUST0248,Female,35,0,No,North,59,Month-to-Month,DSL,Yes,Credit Card,3,41.5,2402.27,2022-05-16,0,NA,2022-05
CUST0249,Female,41,1,No,North,22,One Year,DSL,No,Mailed Check,1,105.44,2306.4,2023-08-08,0,NA,2023-08
CUST0250,Female,23,0,No,North,30,Month-to-Month,DSL,No,Bank Transfer,1,47.46,1428.03,2023-08-14,0,NA,2023-08
CUST0251,Male,68,0,Yes,South,38,One Year,Fiber Optic,Yes,Electronic Check,4,35.2,1302.41,2023-04-30,0,NA,2023-04
CUST0252,Female,21,0,No,North,51,Two Year,Fiber Optic,No,Bank Transfer,2,61.46,3159.09,2022-09-06,0,NA,2022-09
CUST0253,Male,20,0,No,South,54,Month-to-Month,DSL,No,Bank Transfer,2,47.64,2523.4,2023-04-30,0,NA,2023-04
CUST0254,Female,66,0,No,East,8,Month-to-Month,No Internet,No,Electronic Check,3,23.16,152.14,2023-02-21,0,NA,2023-02
CUST0255,Male,68,0,No,North,27,Month-to-Month,No Internet,Yes,Mailed Check,2,49.08,1333.24,2022-07-14,0,NA,2022-07
CUST0256,Male,64,0,No,West,27,One Year,Fiber Optic,No,Electronic Check,2,68.97,1883.63,2022-04-07,0,NA,2022-04
CUST0257,Male,23,0,Yes,West,21,One Year,Fiber Optic,Yes,Credit Card,4,69.65,1504.31,2022-04-10,0,NA,2022-04
CUST0258,Male,43,0,No,South,30,One Year,No Internet,No,Bank Transfer,3,52.09,1583.25,2023-11-06,0,NA,2023-11
CUST0259,Female,61,0,No,North,28,Month-to-Month,DSL,No,Credit Card,1,60.26,1704.46,2023-03-18,0,NA,2023-03
CUST0260,Female,68,0,No,West,64,Month-to-Month,No Internet,No,Electronic Check,1,106.9,6831.03,2022-12-29,0,NA,2022-12
CUST0261,Male,55,0,No,East,69,One Year,Fiber Optic,Yes,Bank Transfer,1,53.96,3673.37,2023-03-10,0,NA,2023-03
CUST0262,Female,28,0,No,North,61,Month-to-Month,DSL,Yes,Bank Transfer,3,43.24,2599.66,2023-02-25,0,NA,2023-02
CUST0263,Male,69,0,No,East,48,Two Year,DSL,Yes,Bank Transfer,1,41.91,2015.14,2023-04-24,0,NA,2023-04
CUST0264,Female,46,0,No,West,19,Month-to-Month,DSL,Yes,Credit Card,1,61.2,1180.31,2022-02-25,0,NA,2022-02
CUST0265,Female,37,0,Yes,North,4,One Year,Fiber Optic,No,Mailed Check,4,88.36,345.18,2023-11-21,1,Moved Away,2023-11
CUST0266,Female,27,1,No,South,35,Month-to-Month,Fiber Optic,No,Electronic Check,1,38.54,1371.97,2023-11-01,0,NA,2023-11
CUST0267,Male,43,0,No,West,64,Month-to-Month,DSL,No,Bank Transfer,1,83.84,5367.95,2023-10-24,0,NA,2023-10
CUST0268,Female,65,0,Yes,East,49,One Year,Fiber Optic,No,Bank Transfer,1,21.9,1030.52,2022-04-11,0,NA,2022-04
CUST0269,Male,44,0,No,North,17,One Year,DSL,Yes,Bank Transfer,1,57.7,950.1,2022-03-04,0,NA,2022-03
CUST0270,Female,67,0,No,East,44,Two Year,No Internet,Yes,Electronic Check,2,89.83,3986.52,2023-02-17,0,NA,2023-02
CUST0271,Male,31,0,No,East,30,Month-to-Month,Fiber Optic,Yes,Mailed Check,4,50.49,1537.19,2022-12-14,1,Switched to Competitor,2022-12
CUST0272,Female,53,0,Yes,South,46,Month-to-Month,No Internet,No,Electronic Check,3,70.74,3293.52,2022-04-22,1,Better Price Elsewhere,2022-04
CUST0273,Male,29,0,No,South,6,One Year,Fiber Optic,No,Mailed Check,2,38.45,192.46,2022-09-12,1,Lack of Features,2022-09
CUST0274,Male,69,1,No,West,37,One Year,DSL,Yes,Bank Transfer,2,86.78,3259.88,2022-07-16,1,Better Price Elsewhere,2022-07
CUST0275,Male,40,0,No,South,24,Month-to-Month,No Internet,Yes,Bank Transfer,2,24.71,563.98,2022-07-14,0,NA,2022-07
CUST0276,Female,38,0,No,South,46,Month-to-Month,Fiber Optic,No,Electronic Check,1,96.73,4400.76,2023-07-04,1,Lack of Features,2023-07
CUST0277,Male,25,1,Yes,West,53,Month-to-Month,Fiber Optic,No,Mailed Check,1,37.84,2055.26,2023-04-05,0,NA,2023-04
CUST0278,Female,56,0,No,West,60,Two Year,Fiber Optic,No,Electronic Check,4,98.7,5900.11,2022-05-24,0,NA,2022-05
CUST0279,Male,26,0,Yes,West,63,Month-to-Month,Fiber Optic,No,Electronic Check,1,51.73,3275.79,2023-03-09,0,NA,2023-03
CUST0280,Male,41,0,Yes,West,32,Month-to-Month,DSL,Yes,Bank Transfer,1,85.04,2688.95,2022-07-07,1,Better Price Elsewhere,2022-07
CUST0281,Male,48,0,No,East,33,Month-to-Month,No Internet,No,Credit Card,2,48.73,1616.11,2022-10-13,1,Poor Customer Service,2022-10
CUST0282,Female,42,0,No,East,67,Month-to-Month,Fiber Optic,No,Mailed Check,2,101.53,6842.91,2023-04-19,0,NA,2023-04
CUST0283,Female,34,0,No,West,18,Month-to-Month,Fiber Optic,Yes,Bank Transfer,1,31.4,547.22,2022-09-13,0,NA,2022-09
CUST0284,Female,59,0,Yes,West,25,One Year,Fiber Optic,No,Credit Card,1,36.07,918.78,2022-03-19,1,Moved Away,2022-03
CUST0285,Female,46,0,No,North,54,Month-to-Month,DSL,No,Credit Card,2,64.37,3444.77,2023-03-30,0,NA,2023-03
CUST0286,Female,20,0,No,North,58,Two Year,Fiber Optic,Yes,Electronic Check,3,27.37,1599.94,2023-07-18,0,NA,2023-07
CUST0287,Female,38,0,No,North,67,Month-to-Month,DSL,No,Credit Card,1,37.64,2505.53,2022-04-11,0,NA,2022-04
CUST0288,Female,25,0,No,South,46,One Year,DSL,Yes,Mailed Check,2,104.94,4798.36,2022-02-21,1,Better Price Elsewhere,2022-02
CUST0289,Male,31,1,No,East,24,Two Year,DSL,Yes,Electronic Check,2,107.88,2570.44,2023-10-30,0,NA,2023-10
CUST0290,Male,56,0,No,East,32,One Year,Fiber Optic,No,Electronic Check,3,53.86,1691.4,2023-07-08,0,NA,2023-07
CUST0291,Female,33,0,Yes,North,47,One Year,DSL,Yes,Mailed Check,2,103.1,4885.89,2022-01-16,0,NA,2022-01
CUST0292,Female,35,0,No,North,23,Month-to-Month,Fiber Optic,No,Electronic Check,1,69.03,1577.41,2022-04-06,1,Better Price Elsewhere,2022-04
CUST0293,Female,48,0,No,East,66,Month-to-Month,Fiber Optic,No,Electronic Check,2,44.28,2897.01,2022-08-31,1,Better Price Elsewhere,2022-08
CUST0294,Female,28,0,No,South,27,One Year,No Internet,Yes,Electronic Check,3,83.22,2241.78,2022-06-20,0,NA,2022-06
CUST0295,Female,55,0,No,North,2,Two Year,DSL,No,Credit Card,1,79.3,140.65,2023-02-21,0,NA,2023-02
CUST0296,Male,37,1,No,West,17,One Year,Fiber Optic,No,Credit Card,2,109.02,1877.78,2023-05-13,0,NA,2023-05
CUST0297,Female,63,1,Yes,North,33,One Year,Fiber Optic,No,Electronic Check,1,43.85,1494.17,2023-05-08,1,Moved Away,2023-05
CUST0298,Female,62,1,Yes,East,9,One Year,Fiber Optic,No,Credit Card,1,80.49,718.21,2022-08-07,1,Lack of Features,2022-08
CUST0299,Female,21,1,No,East,43,Month-to-Month,Fiber Optic,Yes,Credit Card,2,24.68,1097.34,2023-02-15,1,Better Price Elsewhere,2023-02
CUST0300,Male,37,0,Yes,North,48,Month-to-Month,Fiber Optic,No,Bank Transfer,1,30.23,1457.63,2022-03-02,0,NA,2022-03
CUST0301,Male,48,0,No,North,39,One Year,Fiber Optic,No,Electronic Check,3,20.35,759.37,2022-06-18,0,NA,2022-06
CUST0302,Male,37,1,No,West,42,Two Year,DSL,No,Bank Transfer,2,109.95,4636.96,2023-01-24,0,NA,2023-01
CUST0303,Male,28,0,No,West,26,Month-to-Month,DSL,Yes,Credit Card,2,92.2,2398.54,2022-01-03,1,Better Price Elsewhere,2022-01
CUST0304,Female,67,1,No,South,50,One Year,DSL,No,Bank Transfer,2,90.81,4555.56,2023-02-04,0,NA,2023-02
CUST0305,Male,18,0,No,South,25,Month-to-Month,DSL,Yes,Electronic Check,2,65.88,1685.97,2022-09-29,0,NA,2022-09
CUST0306,Male,61,0,No,West,24,One Year,Fiber Optic,No,Mailed Check,1,47.01,1122.28,2023-04-11,0,NA,2023-04
CUST0307,Male,35,0,Yes,South,13,Month-to-Month,No Internet,No,Bank Transfer,3,33.61,477.05,2022-10-20,0,NA,2022-10
CUST0308,Male,56,1,No,South,60,Month-to-Month,No Internet,No,Mailed Check,4,45.62,2762.27,2023-03-10,0,NA,2023-03
CUST0309,Male,61,0,No,North,7,One Year,No Internet,No,Electronic Check,1,53.84,375.74,2023-12-15,1,Financial Constraints,2023-12
CUST0310,Female,50,0,No,West,57,Month-to-Month,No Internet,Yes,Electronic Check,1,88.07,5030.31,2023-07-24,0,NA,2023-07
CUST0311,Male,53,0,Yes,North,36,One Year,No Internet,Yes,Credit Card,1,68.57,2451.08,2023-11-09,0,NA,2023-11
CUST0312,Male,35,0,No,North,45,One Year,DSL,Yes,Credit Card,3,26.97,1262.01,2023-05-14,0,NA,2023-05
CUST0313,Male,64,0,No,South,20,Two Year,Fiber Optic,Yes,Electronic Check,3,21.62,449.14,2022-06-08,0,NA,2022-06
CUST0314,Female,48,0,No,North,65,Month-to-Month,DSL,Yes,Credit Card,3,29.21,1853.03,2022-07-14,0,NA,2022-07
CUST0315,Female,52,0,No,East,8,Month-to-Month,DSL,No,Electronic Check,3,56.94,438.18,2022-10-31,0,NA,2022-10
CUST0316,Female,56,0,No,South,16,Month-to-Month,DSL,No,Bank Transfer,2,103.99,1676.17,2022-08-11,1,Financial Constraints,2022-08
CUST0317,Female,55,0,No,East,14,Two Year,DSL,Yes,Bank Transfer,2,77.37,1038.81,2022-03-01,0,NA,2022-03
CUST0318,Female,32,0,Yes,South,15,Two Year,Fiber Optic,No,Credit Card,3,92.16,1334.79,2023-08-17,1,Financial Constraints,2023-08
CUST0319,Female,64,0,No,North,66,One Year,Fiber Optic,No,Credit Card,2,61.97,4085.02,2023-07-10,0,NA,2023-07
CUST0320,Female,23,0,No,South,32,Two Year,No Internet,No,Electronic Check,2,52.55,1664.87,2022-03-04,0,NA,2022-03
CUST0321,Female,25,1,No,East,63,One Year,DSL,No,Credit Card,2,29.76,1868.71,2022-11-18,0,NA,2022-11
CUST0322,Male,57,0,No,South,51,One Year,DSL,Yes,Electronic Check,2,98.83,5016.6,2022-02-28,1,Switched to Competitor,2022-02
CUST0323,Male,39,0,Yes,East,25,Month-to-Month,Fiber Optic,No,Bank Transfer,2,90.48,2228.47,2022-02-21,1,Financial Constraints,2022-02
CUST0324,Female,18,0,Yes,West,58,One Year,Fiber Optic,No,Bank Transfer,2,35.13,2056.45,2023-08-22,0,NA,2023-08
CUST0325,Male,30,0,No,North,63,Month-to-Month,No Internet,Yes,Bank Transfer,3,66.1,4165.76,2023-05-04,0,NA,2023-05
CUST0326,Female,41,0,No,East,62,Two Year,DSL,Yes,Electronic Check,2,63.86,3929.34,2023-05-30,0,NA,2023-05
CUST0327,Male,38,0,No,West,22,One Year,No Internet,Yes,Credit Card,2,76.26,1659.68,2023-06-28,0,NA,2023-06
CUST0328,Male,62,0,No,North,58,One Year,DSL,Yes,Electronic Check,3,105.16,6108.46,2022-06-11,0,NA,2022-06
CUST0329,Female,60,0,No,West,58,Month-to-Month,DSL,No,Electronic Check,2,72.18,4143.66,2022-02-28,0,NA,2022-02
CUST0330,Male,21,0,No,East,49,Month-to-Month,Fiber Optic,No,Bank Transfer,1,68.62,3327.13,2023-06-05,0,NA,2023-06
CUST0331,Female,24,0,No,North,52,Month-to-Month,DSL,Yes,Mailed Check,1,24.53,1232.88,2022-03-24,0,NA,2022-03
CUST0332,Female,29,0,No,West,42,Month-to-Month,Fiber Optic,No,Credit Card,2,25.66,1108.95,2022-07-10,1,Moved Away,2022-07
CUST0333,Male,30,0,No,East,70,Month-to-Month,DSL,No,Mailed Check,2,36.86,2605.44,2022-03-12,0,NA,2022-03
CUST0334,Female,61,0,No,West,15,Two Year,DSL,Yes,Electronic Check,4,22.92,369.13,2023-09-02,0,NA,2023-09
CUST0335,Male,33,1,No,North,54,One Year,No Internet,Yes,Credit Card,2,86.9,4714.23,2022-03-11,0,NA,2022-03
CUST0336,Male,23,0,No,North,60,Month-to-Month,Fiber Optic,Yes,Mailed Check,2,85.1,5122.94,2023-11-23,0,NA,2023-11
CUST0337,Female,31,0,No,North,8,Month-to-Month,No Internet,Yes,Electronic Check,1,32.25,255.7,2022-08-29,0,NA,2022-08
CUST0338,Female,68,0,No,East,53,Month-to-Month,Fiber Optic,Yes,Bank Transfer,1,95.25,5062.48,2023-02-18,0,NA,2023-02
CUST0339,Female,65,1,No,West,60,One Year,DSL,Yes,Mailed Check,3,33.93,1989.64,2022-05-03,0,NA,2022-05
CUST0340,Female,48,0,Yes,West,5,One Year,Fiber Optic,No,Bank Transfer,1,47.11,247.7,2023-08-07,0,NA,2023-08
CUST0341,Female,53,0,No,East,68,Two Year,Fiber Optic,No,Mailed Check,2,42.41,2911.67,2022-09-10,0,NA,2022-09
CUST0342,Male,54,0,No,North,6,Month-to-Month,DSL,Yes,Credit Card,3,53.51,321.1,2023-08-16,1,Better Price Elsewhere,2023-08
CUST0343,Female,58,1,No,South,47,Two Year,Fiber Optic,Yes,Credit Card,2,42.92,2002.99,2023-09-01,0,NA,2023-09
CUST0344,Male,52,0,Yes,North,55,Two Year,DSL,No,Bank Transfer,3,64.01,3498.29,2022-02-10,0,NA,2022-02
CUST0345,Female,27,1,Yes,South,40,Month-to-Month,No Internet,No,Electronic Check,2,56.67,2281.08,2023-09-27,0,NA,2023-09
CUST0346,Male,34,0,Yes,North,52,Two Year,Fiber Optic,No,Credit Card,1,108.79,5676.36,2022-03-25,0,NA,2022-03
CUST0347,Male,68,0,No,East,16,Month-to-Month,DSL,No,Bank Transfer,3,25.03,437.58,2023-03-06,0,NA,2023-03
CUST0348,Male,59,0,Yes,South,13,Two Year,Fiber Optic,Yes,Bank Transfer,3,32.8,410.63,2023-11-05,1,Switched to Competitor,2023-11
CUST0349,Male,47,0,No,East,30,Month-to-Month,DSL,Yes,Mailed Check,1,24.75,769.48,2023-08-21,0,NA,2023-08
CUST0350,Male,61,1,Yes,South,19,Two Year,Fiber Optic,No,Credit Card,1,76.33,1456.41,2023-08-02,0,NA,2023-08
CUST0351,Female,24,0,Yes,West,17,Two Year,Fiber Optic,Yes,Bank Transfer,1,24.91,461.75,2023-06-20,1,Moved Away,2023-06
CUST0352,Male,35,0,Yes,South,63,Two Year,Fiber Optic,No,Electronic Check,1,95.28,6005.42,2022-11-20,1,Better Price Elsewhere,2022-11
CUST0353,Female,36,0,Yes,South,19,One Year,Fiber Optic,No,Mailed Check,4,66.07,1257.09,2022-09-25,0,NA,2022-09
CUST0354,Male,32,0,No,South,58,Month-to-Month,Fiber Optic,No,Credit Card,2,67.43,3918.73,2022-07-29,1,Financial Constraints,2022-07
CUST0355,Female,56,0,No,West,55,Month-to-Month,DSL,Yes,Electronic Check,2,70.54,3904.63,2023-11-17,0,NA,2023-11
CUST0356,Male,61,0,No,East,62,Month-to-Month,No Internet,No,Credit Card,3,35.37,2239.41,2022-11-18,0,NA,2022-11
CUST0357,Male,39,0,Yes,West,23,Month-to-Month,No Internet,No,Bank Transfer,2,37.79,826.53,2022-09-02,0,NA,2022-09
CUST0358,Female,56,0,Yes,South,9,One Year,DSL,Yes,Bank Transfer,2,48.69,393.55,2022-09-29,0,NA,2022-09
CUST0359,Female,59,0,No,North,12,Month-to-Month,Fiber Optic,Yes,Electronic Check,4,73.41,924.68,2023-02-10,0,NA,2023-02
CUST0360,Male,47,0,No,West,1,Two Year,Fiber Optic,No,Electronic Check,3,38.91,41.9,2022-05-15,1,Financial Constraints,2022-05
CUST0361,Male,37,0,Yes,North,58,One Year,Fiber Optic,No,Credit Card,3,30.47,1778.75,2023-11-19,0,NA,2023-11
CUST0362,Female,49,0,No,West,1,Two Year,Fiber Optic,No,Electronic Check,2,107.31,105.55,2023-10-23,0,NA,2023-10
CUST0363,Male,59,0,No,West,34,Month-to-Month,DSL,Yes,Bank Transfer,3,21.98,706.69,2022-11-04,0,NA,2022-11
CUST0364,Male,42,0,Yes,South,48,Two Year,DSL,No,Mailed Check,1,92.24,4454.33,2023-04-14,0,NA,2023-04
CUST0365,Female,40,0,No,East,1,Two Year,Fiber Optic,No,Electronic Check,2,90.92,115.64,2022-11-20,1,Moved Away,2022-11
CUST0366,Male,22,0,Yes,East,16,Month-to-Month,Fiber Optic,No,Electronic Check,4,46.75,729.17,2022-03-16,0,NA,2022-03
CUST0367,Male,67,1,No,South,61,One Year,No Internet,No,Mailed Check,1,32.21,1945.43,2022-01-10,1,Better Price Elsewhere,2022-01
CUST0368,Female,58,0,Yes,West,64,One Year,No Internet,No,Credit Card,3,33.11,2152.82,2023-04-15,0,NA,2023-04
CUST0369,Male,47,1,No,East,63,Month-to-Month,Fiber Optic,No,Mailed Check,2,82.77,5171.75,2023-09-29,1,Poor Customer Service,2023-09
CUST0370,Female,65,0,Yes,East,69,One Year,No Internet,Yes,Mailed Check,1,77.85,5409.76,2023-07-31,1,Switched to Competitor,2023-07
CUST0371,Female,56,1,No,East,22,Month-to-Month,No Internet,No,Mailed Check,3,90.45,1965.57,2022-04-13,0,NA,2022-04
CUST0372,Male,44,0,Yes,South,67,Month-to-Month,Fiber Optic,No,Mailed Check,1,104.37,7002.09,2022-03-17,1,Financial Constraints,2022-03
CUST0373,Male,59,0,No,North,26,Month-to-Month,Fiber Optic,Yes,Mailed Check,2,82.27,2182.62,2023-07-05,0,NA,2023-07
CUST0374,Female,54,0,No,North,16,Month-to-Month,DSL,No,Credit Card,1,34.03,562.29,2022-08-07,0,NA,2022-08
CUST0375,Female,24,0,No,North,51,Month-to-Month,No Internet,No,Mailed Check,4,41.91,2128.85,2023-06-03,0,NA,2023-06
CUST0376,Male,22,1,No,North,57,Month-to-Month,No Internet,Yes,Mailed Check,1,95.8,5479.55,2022-09-29,0,NA,2022-09
CUST0377,Female,32,0,No,North,29,Two Year,Fiber Optic,Yes,Electronic Check,1,38.84,1110.76,2022-05-16,1,Moved Away,2022-05
CUST0378,Male,68,0,No,East,69,One Year,Fiber Optic,No,Credit Card,1,26.53,1808.3,2022-12-24,0,NA,2022-12
CUST0379,Female,59,1,Yes,East,47,Two Year,DSL,Yes,Electronic Check,4,83.3,3964.77,2022-03-12,0,NA,2022-03
CUST0380,Female,25,0,No,West,62,Month-to-Month,DSL,No,Electronic Check,3,56.23,3511.34,2022-09-08,0,NA,2022-09
CUST0381,Female,26,0,Yes,East,69,Month-to-Month,Fiber Optic,Yes,Bank Transfer,3,102.8,7107.67,2023-01-14,1,Financial Constraints,2023-01
CUST0382,Male,28,0,No,South,16,One Year,No Internet,No,Bank Transfer,2,78.52,1241.85,2022-10-19,0,NA,2022-10
CUST0383,Female,39,1,Yes,West,48,Month-to-Month,DSL,Yes,Mailed Check,2,28.14,1305.64,2022-06-11,0,NA,2022-06
CUST0384,Female,51,0,No,East,39,Month-to-Month,No Internet,Yes,Mailed Check,1,105.31,4060.2,2023-03-25,0,NA,2023-03
CUST0385,Female,52,0,No,West,33,One Year,No Internet,No,Bank Transfer,2,43.27,1433.33,2023-07-11,0,NA,2023-07
CUST0386,Female,30,0,No,West,23,Month-to-Month,DSL,No,Electronic Check,1,50.35,1184.25,2023-12-22,0,NA,2023-12
CUST0387,Male,28,0,No,North,10,One Year,Fiber Optic,Yes,Credit Card,4,56.2,565.74,2022-11-06,1,Lack of Features,2022-11
CUST0388,Female,49,0,Yes,West,69,One Year,DSL,Yes,Bank Transfer,3,24.61,1732.17,2023-09-19,1,Moved Away,2023-09
CUST0389,Male,59,1,No,East,34,Month-to-Month,Fiber Optic,No,Mailed Check,2,64.69,2152.8,2023-11-01,1,Financial Constraints,2023-11
CUST0390,Female,32,1,Yes,North,52,Month-to-Month,DSL,No,Mailed Check,1,31.1,1603.88,2023-06-26,0,NA,2023-06
CUST0391,Female,55,0,No,East,10,One Year,Fiber Optic,No,Electronic Check,3,56.09,534.61,2022-01-09,0,NA,2022-01
CUST0392,Male,18,0,No,North,19,Month-to-Month,DSL,No,Bank Transfer,1,51.56,974.37,2023-11-15,1,Better Price Elsewhere,2023-11
CUST0393,Male,63,0,No,East,58,Month-to-Month,Fiber Optic,No,Mailed Check,1,89.56,5151.72,2023-07-22,1,Poor Customer Service,2023-07
CUST0394,Female,67,0,Yes,North,1,Two Year,Fiber Optic,No,Electronic Check,1,92.29,137.7,2022-11-03,1,Switched to Competitor,2022-11
CUST0395,Female,41,0,Yes,North,69,Month-to-Month,Fiber Optic,No,Bank Transfer,2,33.81,2305.22,2023-11-11,0,NA,2023-11
CUST0396,Female,60,1,Yes,South,4,One Year,Fiber Optic,No,Credit Card,3,52.99,254.19,2022-04-17,1,Lack of Features,2022-04
CUST0397,Male,57,1,Yes,East,16,Two Year,DSL,Yes,Mailed Check,2,53.6,850.19,2022-05-18,0,NA,2022-05
CUST0398,Female,39,0,Yes,West,24,Month-to-Month,DSL,Yes,Credit Card,1,33.63,855.67,2022-09-28,0,NA,2022-09
CUST0399,Male,20,0,No,North,2,Month-to-Month,DSL,Yes,Mailed Check,2,91.86,189.13,2022-04-29,1,Switched to Competitor,2022-04
CUST0400,Female,31,0,Yes,East,32,Month-to-Month,Fiber Optic,Yes,Electronic Check,3,83.65,2719.88,2022-04-20,0,NA,2022-04
CUST0401,Male,19,0,No,North,24,Month-to-Month,Fiber Optic,Yes,Electronic Check,1,37.13,841.65,2023-07-21,1,Financial Constraints,2023-07
CUST0402,Male,49,0,No,South,12,Month-to-Month,Fiber Optic,No,Mailed Check,1,53.0,660.82,2022-06-09,1,Switched to Competitor,2022-06
CUST0403,Male,65,1,No,South,50,One Year,Fiber Optic,No,Electronic Check,4,29.52,1516.31,2022-10-06,1,Better Price Elsewhere,2022-10
CUST0404,Female,55,1,No,South,35,Month-to-Month,No Internet,No,Electronic Check,4,76.54,2642.87,2022-10-16,1,Financial Constraints,2022-10
CUST0405,Female,50,0,No,South,33,One Year,Fiber Optic,Yes,Credit Card,4,30.92,979.97,2023-09-12,0,NA,2023-09
CUST0406,Male,63,1,No,West,33,Two Year,Fiber Optic,Yes,Credit Card,3,108.73,3580.55,2022-08-04,0,NA,2022-08
CUST0407,Male,59,0,Yes,West,61,Two Year,Fiber Optic,No,Bank Transfer,1,90.26,5549.23,2022-12-18,0,NA,2022-12
CUST0408,Male,23,0,No,North,51,One Year,Fiber Optic,Yes,Electronic Check,1,55.12,2815.36,2022-07-28,0,NA,2022-07
CUST0409,Female,58,0,No,East,43,Month-to-Month,DSL,No,Electronic Check,2,72.07,3101.76,2023-12-05,0,NA,2023-12
CUST0410,Female,56,0,No,South,12,One Year,DSL,No,Electronic Check,2,102.02,1188.35,2023-10-12,0,NA,2023-10
CUST0411,Female,42,1,No,South,67,One Year,Fiber Optic,Yes,Bank Transfer,4,69.87,4631.37,2022-09-28,0,NA,2022-09
CUST0412,Male,51,0,No,West,65,Month-to-Month,Fiber Optic,Yes,Credit Card,3,35.7,2351.51,2023-06-02,0,NA,2023-06
CUST0413,Female,28,0,No,West,33,Month-to-Month,Fiber Optic,No,Mailed Check,3,54.08,1743.4,2023-05-16,0,NA,2023-05
CUST0414,Female,63,0,Yes,South,40,Two Year,Fiber Optic,No,Electronic Check,1,95.88,3848.58,2022-09-15,1,Switched to Competitor,2022-09
CUST0415,Female,54,0,No,East,43,Month-to-Month,Fiber Optic,No,Mailed Check,4,77.98,3394.6,2022-02-22,0,NA,2022-02
CUST0416,Male,58,0,No,North,44,Month-to-Month,No Internet,No,Mailed Check,3,78.57,3427.95,2022-04-05,0,NA,2022-04
CUST0417,Female,24,0,Yes,North,29,Month-to-Month,DSL,Yes,Mailed Check,1,98.01,2858.82,2023-10-12,1,Moved Away,2023-10
CUST0418,Female,63,0,Yes,North,13,Month-to-Month,DSL,No,Bank Transfer,3,100.46,1263.85,2023-03-10,0,NA,2023-03
CUST0419,Female,65,0,Yes,North,12,Two Year,Fiber Optic,Yes,Bank Transfer,1,102.78,1243.74,2022-10-11,1,Moved Away,2022-10
CUST0420,Female,39,0,No,East,46,One Year,Fiber Optic,Yes,Electronic Check,1,28.54,1279.23,2022-02-15,1,Switched to Competitor,2022-02
CUST0421,Female,65,0,Yes,East,2,One Year,DSL,No,Electronic Check,3,68.97,161.54,2022-01-04,1,Switched to Competitor,2022-01
CUST0422,Male,56,0,No,East,35,Month-to-Month,DSL,No,Credit Card,3,86.65,3012.87,2022-12-08,0,NA,2022-12
CUST0423,Male,27,0,No,West,8,Month-to-Month,DSL,Yes,Electronic Check,1,88.12,701.3,2022-05-14,1,Switched to Competitor,2022-05
CUST0424,Male,38,1,No,South,26,Month-to-Month,Fiber Optic,Yes,Electronic Check,2,74.6,1949.54,2023-10-15,0,NA,2023-10
CUST0425,Male,23,0,No,East,34,Month-to-Month,DSL,Yes,Electronic Check,4,35.01,1157.47,2022-09-26,0,NA,2022-09
CUST0426,Female,66,0,No,North,7,Month-to-Month,Fiber Optic,Yes,Electronic Check,3,91.77,666.55,2022-06-15,0,NA,2022-06
CUST0427,Female,18,0,No,East,68,One Year,No Internet,Yes,Mailed Check,3,84.81,5747.34,2023-03-29,0,NA,2023-03
CUST0428,Male,51,0,Yes,South,58,Month-to-Month,DSL,No,Credit Card,1,27.75,1625.74,2023-07-19,0,NA,2023-07
CUST0429,Male,31,0,No,West,29,One Year,DSL,No,Mailed Check,1,61.74,1756.29,2023-12-24,0,NA,2023-12
CUST0430,Male,53,0,No,North,36,Month-to-Month,Fiber Optic,No,Mailed Check,1,35.66,1302.57,2023-03-14,1,Lack of Features,2023-03
CUST0431,Female,44,0,No,West,21,Month-to-Month,DSL,No,Bank Transfer,1,50.37,1020.59,2023-07-29,0,NA,2023-07
CUST0432,Female,26,0,No,East,36,Month-to-Month,Fiber Optic,No,Mailed Check,1,21.63,771.22,2022-01-10,1,Financial Constraints,2022-01
CUST0433,Female,23,0,Yes,North,10,Two Year,Fiber Optic,No,Credit Card,1,56.03,535.02,2022-04-25,1,Switched to Competitor,2022-04
CUST0434,Male,48,0,No,North,24,Two Year,Fiber Optic,No,Credit Card,2,69.49,1692.6,2022-03-19,0,NA,2022-03
CUST0435,Male,34,0,Yes,East,64,Two Year,DSL,Yes,Electronic Check,2,75.76,4824.84,2023-12-09,0,NA,2023-12
CUST0436,Male,60,0,No,East,49,Month-to-Month,Fiber Optic,No,Bank Transfer,3,79.71,3943.96,2022-06-02,0,NA,2022-06
CUST0437,Female,53,0,No,South,36,Month-to-Month,Fiber Optic,No,Mailed Check,1,95.27,3468.9,2023-07-13,1,Moved Away,2023-07
CUST0438,Female,38,0,No,East,24,One Year,No Internet,No,Credit Card,2,39.39,915.0,2022-02-06,0,NA,2022-02
CUST0439,Male,44,0,Yes,East,23,Month-to-Month,Fiber Optic,No,Mailed Check,1,30.84,720.7,2023-01-14,1,Financial Constraints,2023-01
CUST0440,Male,58,0,No,East,62,Two Year,DSL,No,Credit Card,2,96.64,5950.45,2023-08-20,0,NA,2023-08
CUST0441,Female,45,0,No,North,37,Month-to-Month,Fiber Optic,No,Bank Transfer,1,34.1,1250.85,2023-07-20,1,Lack of Features,2023-07
CUST0442,Female,33,0,Yes,South,12,Month-to-Month,Fiber Optic,Yes,Electronic Check,4,107.73,1314.09,2022-06-01,1,Switched to Competitor,2022-06
CUST0443,Male,52,0,No,North,55,Month-to-Month,No Internet,No,Mailed Check,3,95.83,5286.59,2023-03-17,1,Moved Away,2023-03
CUST0444,Male,53,0,No,East,13,Month-to-Month,Fiber Optic,Yes,Credit Card,2,65.08,858.51,2022-05-11,0,NA,2022-05
CUST0445,Female,52,0,No,South,23,One Year,DSL,Yes,Credit Card,1,108.33,2469.84,2022-02-12,0,NA,2022-02
CUST0446,Male,62,0,No,East,30,Month-to-Month,DSL,Yes,Electronic Check,2,28.76,850.6,2022-11-12,1,Lack of Features,2022-11
CUST0447,Male,36,0,No,North,17,Month-to-Month,DSL,No,Bank Transfer,3,47.28,764.05,2023-01-09,0,NA,2023-01
CUST0448,Female,38,0,No,North,62,Month-to-Month,DSL,Yes,Mailed Check,1,77.44,4823.18,2022-02-10,0,NA,2022-02
CUST0449,Male,50,0,No,East,13,Month-to-Month,Fiber Optic,No,Electronic Check,2,51.5,669.89,2023-01-02,1,Financial Constraints,2023-01
CUST0450,Female,40,0,No,South,59,One Year,Fiber Optic,Yes,Mailed Check,3,103.55,6130.33,2022-08-04,0,NA,2022-08
CUST0451,Male,23,0,No,North,19,Two Year,DSL,No,Electronic Check,3,25.91,467.18,2023-11-30,0,NA,2023-11
CUST0452,Female,49,0,Yes,East,49,Two Year,DSL,No,Credit Card,3,69.45,3385.49,2022-09-13,0,NA,2022-09
CUST0453,Male,39,0,Yes,West,12,One Year,No Internet,Yes,Electronic Check,3,73.18,861.58,2023-11-14,0,NA,2023-11
CUST0454,Male,20,0,Yes,East,61,Month-to-Month,No Internet,Yes,Credit Card,4,78.75,4756.32,2022-04-16,0,NA,2022-04
CUST0455,Male,52,0,No,East,19,One Year,No Internet,No,Electronic Check,2,43.01,801.29,2022-12-29,0,NA,2022-12
CUST0456,Female,33,0,No,South,9,Month-to-Month,DSL,No,Electronic Check,2,52.81,505.62,2023-07-28,1,Moved Away,2023-07
CUST0457,Male,59,0,No,East,71,Month-to-Month,Fiber Optic,No,Electronic Check,3,95.93,6850.76,2023-02-21,0,NA,2023-02
CUST0458,Male,42,0,Yes,West,28,Two Year,No Internet,Yes,Electronic Check,3,37.54,1052.94,2023-09-28,0,NA,2023-09
CUST0459,Female,34,0,No,East,52,Month-to-Month,DSL,No,Electronic Check,4,94.42,4905.39,2022-06-08,1,Better Price Elsewhere,2022-06
CUST0460,Male,56,1,No,West,16,Two Year,Fiber Optic,No,Electronic Check,1,70.64,1083.32,2022-08-31,0,NA,2022-08
CUST0461,Female,30,0,No,North,69,Month-to-Month,No Internet,Yes,Mailed Check,2,88.6,6151.32,2022-06-16,0,NA,2022-06
CUST0462,Female,45,0,No,East,12,One Year,No Internet,No,Electronic Check,1,84.22,961.94,2022-07-01,1,Lack of Features,2022-07
CUST0463,Female,28,1,No,South,25,One Year,DSL,Yes,Mailed Check,1,38.68,1011.48,2023-02-27,0,NA,2023-02
CUST0464,Male,27,0,Yes,East,52,Two Year,Fiber Optic,No,Mailed Check,1,71.19,3700.8,2022-01-26,1,Poor Customer Service,2022-01
CUST0465,Female,56,0,Yes,West,53,One Year,Fiber Optic,No,Credit Card,3,98.1,5183.49,2022-07-03,0,NA,2022-07
CUST0466,Male,41,0,Yes,West,23,One Year,No Internet,Yes,Credit Card,1,58.89,1396.89,2022-12-07,0,NA,2022-12
CUST0467,Female,55,0,No,South,16,Month-to-Month,No Internet,Yes,Mailed Check,3,106.99,1664.28,2023-02-26,0,NA,2023-02
CUST0468,Male,41,0,No,West,57,One Year,Fiber Optic,Yes,Electronic Check,3,60.7,3468.04,2023-11-17,0,NA,2023-11
CUST0469,Female,50,0,No,East,39,Month-to-Month,Fiber Optic,No,Electronic Check,1,32.85,1286.04,2022-09-12,1,Moved Away,2022-09
CUST0470,Female,34,0,No,West,53,One Year,No Internet,No,Credit Card,1,55.05,2889.58,2022-10-01,0,NA,2022-10
CUST0471,Male,61,0,No,East,42,One Year,Fiber Optic,No,Electronic Check,2,105.65,4430.19,2022-06-13,0,NA,2022-06
CUST0472,Female,53,0,Yes,East,58,One Year,DSL,No,Electronic Check,3,48.77,2843.89,2023-12-20,0,NA,2023-12
CUST0473,Male,52,1,Yes,West,39,Month-to-Month,No Internet,Yes,Electronic Check,3,98.13,3849.78,2022-04-21,1,Better Price Elsewhere,2022-04
CUST0474,Female,23,1,No,South,14,Month-to-Month,Fiber Optic,No,Electronic Check,3,99.31,1340.41,2023-01-27,1,Financial Constraints,2023-01
CUST0475,Male,33,1,No,North,5,One Year,DSL,No,Electronic Check,4,51.52,301.29,2022-02-09,0,NA,2022-02
CUST0476,Female,62,0,No,South,35,Month-to-Month,Fiber Optic,No,Bank Transfer,2,27.49,928.6,2023-04-27,0,NA,2023-04
CUST0477,Female,45,1,No,North,18,Month-to-Month,Fiber Optic,Yes,Electronic Check,4,85.21,1507.14,2022-08-16,1,Better Price Elsewhere,2022-08
CUST0478,Male,58,0,Yes,South,9,Month-to-Month,No Internet,Yes,Bank Transfer,3,48.04,408.71,2022-07-24,0,NA,2022-07
CUST0479,Female,49,0,No,East,58,Two Year,Fiber Optic,No,Electronic Check,3,90.46,5200.46,2023-04-17,1,Moved Away,2023-04
CUST0480,Male,43,0,No,East,17,One Year,No Internet,No,Electronic Check,1,59.84,979.59,2022-12-25,0,NA,2022-12
CUST0481,Male,28,1,Yes,West,7,Month-to-Month,DSL,Yes,Credit Card,4,63.67,494.32,2022-11-09,0,NA,2022-11
CUST0482,Female,69,0,No,North,46,Month-to-Month,Fiber Optic,No,Electronic Check,2,90.01,4121.98,2022-08-22,0,NA,2022-08
CUST0483,Female,42,0,No,North,13,Month-to-Month,Fiber Optic,No,Credit Card,3,54.41,668.86,2022-08-17,0,NA,2022-08
CUST0484,Female,48,0,Yes,West,40,One Year,Fiber Optic,Yes,Mailed Check,1,59.88,2355.9,2022-01-25,0,NA,2022-01
CUST0485,Male,38,0,Yes,South,42,One Year,Fiber Optic,No,Electronic Check,2,53.86,2284.07,2023-11-07,1,Lack of Features,2023-11
CUST0486,Male,62,0,No,West,9,Month-to-Month,Fiber Optic,No,Credit Card,1,53.06,513.0,2022-07-17,0,NA,2022-07
CUST0487,Female,68,0,No,South,50,Month-to-Month,Fiber Optic,Yes,Electronic Check,1,67.34,3342.7,2023-02-13,0,NA,2023-02
CUST0488,Male,20,0,No,West,27,Month-to-Month,DSL,No,Credit Card,1,92.79,2457.42,2022-12-03,0,NA,2022-12
CUST0489,Female,29,0,No,North,66,One Year,DSL,No,Electronic Check,3,52.56,3441.27,2022-10-13,0,NA,2022-10
CUST0490,Female,68,0,No,North,5,One Year,DSL,No,Credit Card,1,67.18,291.55,2022-03-13,0,NA,2022-03
CUST0491,Female,57,0,Yes,South,29,Month-to-Month,DSL,Yes,Electronic Check,2,80.37,2291.07,2022-10-13,0,NA,2022-10
CUST0492,Male,63,0,No,North,37,Month-to-Month,Fiber Optic,Yes,Mailed Check,1,44.25,1630.4,2022-12-26,0,NA,2022-12
CUST0493,Male,58,0,No,North,38,Month-to-Month,Fiber Optic,No,Bank Transfer,2,44.98,1682.23,2023-10-19,0,NA,2023-10
CUST0494,Female,42,0,No,North,8,Two Year,DSL,Yes,Credit Card,1,104.01,833.67,2023-06-06,0,NA,2023-06
CUST0495,Male,34,0,No,North,65,Month-to-Month,DSL,No,Credit Card,1,85.12,5508.15,2023-02-14,0,NA,2023-02
CUST0496,Female,55,0,No,East,17,One Year,Fiber Optic,Yes,Credit Card,2,71.95,1267.2,2023-11-27,0,NA,2023-11
CUST0497,Female,53,0,Yes,West,71,One Year,No Internet,Yes,Credit Card,3,78.29,5599.18,2023-07-04,0,NA,2023-07
CUST0498,Male,53,0,No,West,45,Month-to-Month,DSL,No,Electronic Check,1,22.64,1025.48,2022-12-06,1,Financial Constraints,2022-12
CUST0499,Female,36,0,No,East,4,Month-to-Month,DSL,No,Electronic Check,1,75.63,287.96,2022-01-29,1,Financial Constraints,2022-01
CUST0500,Female,61,1,Yes,North,36,Month-to-Month,Fiber Optic,No,Electronic Check,1,65.86,2359.07,2022-04-29,1,Poor Customer Service,2022-04
CUST0501,Female,19,0,No,West,70,One Year,DSL,Yes,Mailed Check,4,69.12,4829.59,2022-09-25,1,Lack of Features,2022-09
CUST0502,Female,34,0,Yes,West,31,One Year,DSL,No,Mailed Check,2,52.35,1645.61,2022-07-02,1,Lack of Features,2022-07
CUST0503,Female,47,0,No,West,19,One Year,No Internet,Yes,Mailed Check,2,27.33,514.43,2023-08-18,0,NA,2023-08
CUST0504,Male,64,1,No,South,61,One Year,DSL,No,Electronic Check,1,37.4,2317.07,2022-09-29,0,NA,2022-09
CUST0505,Male,27,0,Yes,East,54,Month-to-Month,No Internet,No,Bank Transfer,2,105.57,5745.19,2022-02-09,0,NA,2022-02
CUST0506,Female,52,0,No,South,39,Two Year,DSL,Yes,Electronic Check,1,56.78,2198.01,2022-04-22,0,NA,2022-04
CUST0507,Male,69,0,No,South,19,One Year,Fiber Optic,No,Electronic Check,1,62.0,1184.07,2023-09-03,1,Switched to Competitor,2023-09
CUST0508,Female,53,0,No,East,39,Month-to-Month,DSL,Yes,Mailed Check,2,24.74,924.37,2023-03-21,0,NA,2023-03
CUST0509,Female,50,0,Yes,West,67,Two Year,DSL,No,Credit Card,2,23.38,1536.51,2022-12-20,0,NA,2022-12
CUST0510,Female,18,0,Yes,South,45,One Year,DSL,No,Bank Transfer,1,84.55,3796.1,2022-11-18,1,Moved Away,2022-11
CUST0511,Female,35,0,No,West,13,One Year,Fiber Optic,No,Bank Transfer,3,68.43,860.21,2023-03-23,0,NA,2023-03
CUST0512,Male,21,0,Yes,South,58,One Year,Fiber Optic,No,Electronic Check,4,65.78,3852.9,2023-09-13,0,NA,2023-09
CUST0513,Male,64,0,No,West,20,Two Year,No Internet,Yes,Mailed Check,2,41.88,803.43,2023-06-08,0,NA,2023-06
CUST0514,Female,44,0,No,North,72,One Year,DSL,Yes,Electronic Check,2,87.03,6261.73,2022-04-29,1,Poor Customer Service,2022-04
CUST0515,Male,42,0,No,North,61,Month-to-Month,No Internet,Yes,Mailed Check,4,35.14,2154.11,2023-01-30,0,NA,2023-01
CUST0516,Female,45,1,No,North,39,Month-to-Month,DSL,No,Mailed Check,3,37.09,1465.7,2023-08-14,0,NA,2023-08
CUST0517,Male,39,0,No,East,1,Two Year,DSL,No,Electronic Check,2,61.46,49.77,2022-07-14,1,Switched to Competitor,2022-07
CUST0518,Female,59,0,No,North,3,Month-to-Month,DSL,Yes,Electronic Check,3,45.77,174.22,2022-09-18,1,Financial Constraints,2022-09
CUST0519,Female,42,0,No,South,62,Month-to-Month,No Internet,No,Credit Card,1,42.27,2627.57,2022-02-15,0,NA,2022-02
CUST0520,Female,34,0,No,West,63,Month-to-Month,DSL,Yes,Credit Card,2,78.07,4912.36,2023-12-27,0,NA,2023-12
CUST0521,Male,61,1,No,West,25,Month-to-Month,DSL,Yes,Mailed Check,1,78.59,1921.47,2023-03-23,0,NA,2023-03
CUST0522,Male,69,0,Yes,West,56,One Year,Fiber Optic,No,Electronic Check,1,94.21,5272.23,2022-01-02,0,NA,2022-01
CUST0523,Female,29,0,Yes,West,33,Two Year,DSL,No,Electronic Check,2,57.59,1932.54,2023-06-17,1,Better Price Elsewhere,2023-06
CUST0524,Male,33,1,No,South,38,Month-to-Month,DSL,No,Mailed Check,1,26.58,1021.49,2023-07-06,0,NA,2023-07
CUST0525,Male,54,0,No,West,6,Month-to-Month,Fiber Optic,Yes,Credit Card,3,44.63,301.0,2023-12-05,0,NA,2023-12
CUST0526,Male,33,1,No,South,58,Month-to-Month,Fiber Optic,No,Electronic Check,2,108.2,6275.0,2023-11-18,1,Moved Away,2023-11
CUST0527,Male,34,0,No,South,44,Two Year,Fiber Optic,Yes,Bank Transfer,2,73.66,3202.89,2022-07-21,0,NA,2022-07
CUST0528,Male,48,1,Yes,West,45,One Year,Fiber Optic,Yes,Electronic Check,1,83.88,3725.96,2023-01-08,0,NA,2023-01
CUST0529,Male,32,0,No,West,32,Month-to-Month,Fiber Optic,No,Credit Card,1,20.66,641.44,2023-03-18,0,NA,2023-03
CUST0530,Male,30,0,No,West,45,Two Year,Fiber Optic,No,Mailed Check,2,66.64,3018.6,2022-03-13,0,NA,2022-03
CUST0531,Male,57,1,No,South,61,Two Year,No Internet,Yes,Bank Transfer,4,23.38,1455.21,2023-11-12,0,NA,2023-11
CUST0532,Male,44,0,No,East,47,Two Year,DSL,Yes,Mailed Check,1,71.23,3327.39,2022-12-05,0,NA,2022-12
CUST0533,Male,38,0,Yes,South,21,Two Year,Fiber Optic,No,Bank Transfer,1,102.87,2159.84,2023-10-01,0,NA,2023-10
CUST0534,Male,19,0,No,East,36,Month-to-Month,Fiber Optic,Yes,Electronic Check,3,107.16,3849.87,2022-11-18,1,Lack of Features,2022-11
CUST0535,Male,25,0,No,West,19,One Year,DSL,No,Electronic Check,1,68.65,1295.4,2023-11-11,0,NA,2023-11
CUST0536,Male,59,0,Yes,South,20,Month-to-Month,Fiber Optic,No,Credit Card,3,61.24,1197.93,2022-05-08,0,NA,2022-05
CUST0537,Female,24,1,No,West,57,Two Year,No Internet,Yes,Credit Card,2,105.05,5951.49,2022-11-04,1,Lack of Features,2022-11
CUST0538,Female,27,0,No,East,18,One Year,DSL,No,Credit Card,2,80.62,1420.83,2023-06-04,1,Moved Away,2023-06
CUST0539,Male,21,0,No,East,47,One Year,No Internet,No,Bank Transfer,2,25.84,1170.01,2022-11-13,0,NA,2022-11
CUST0540,Male,60,0,No,South,49,One Year,Fiber Optic,Yes,Credit Card,1,61.92,3003.89,2023-11-14,0,NA,2023-11
CUST0541,Male,58,0,Yes,South,14,Month-to-Month,DSL,No,Electronic Check,2,41.62,533.6,2023-02-23,0,NA,2023-02
CUST0542,Female,53,0,No,South,15,One Year,Fiber Optic,Yes,Electronic Check,3,62.28,946.93,2022-12-01,0,NA,2022-12
CUST0543,Female,52,0,Yes,South,31,Two Year,No Internet,No,Electronic Check,3,60.99,1872.33,2023-02-17,1,Poor Customer Service,2023-02
CUST0544,Male,60,0,No,North,1,Two Year,DSL,Yes,Bank Transfer,3,72.39,119.7,2023-12-15,1,Financial Constraints,2023-12
CUST0545,Male,20,0,Yes,North,54,Month-to-Month,Fiber Optic,No,Mailed Check,3,52.11,2783.31,2022-10-30,1,Switched to Competitor,2022-10
CUST0546,Male,35,0,No,West,3,Month-to-Month,Fiber Optic,Yes,Electronic Check,1,34.78,88.92,2023-07-22,0,NA,2023-07
CUST0547,Male,68,0,No,East,16,Month-to-Month,Fiber Optic,Yes,Bank Transfer,2,65.33,1031.06,2022-05-11,0,NA,2022-05
CUST0548,Male,63,0,No,East,57,One Year,DSL,No,Credit Card,2,94.72,5349.89,2022-07-16,0,NA,2022-07
CUST0549,Female,60,0,Yes,West,12,Two Year,Fiber Optic,Yes,Mailed Check,3,79.76,991.04,2023-03-07,0,NA,2023-03
CUST0550,Male,41,0,No,West,16,Month-to-Month,DSL,Yes,Electronic Check,2,50.45,760.4,2023-11-12,1,Moved Away,2023-11
CUST0551,Female,49,0,No,West,72,One Year,Fiber Optic,Yes,Electronic Check,2,104.2,7546.42,2023-01-24,0,NA,2023-01
CUST0552,Male,51,1,Yes,North,24,Two Year,DSL,Yes,Electronic Check,3,102.1,2489.61,2023-11-25,1,Moved Away,2023-11
CUST0553,Male,19,0,No,West,28,One Year,No Internet,No,Electronic Check,2,38.84,1091.07,2022-06-28,1,Poor Customer Service,2022-06
CUST0554,Female,19,0,No,East,8,One Year,DSL,No,Bank Transfer,1,23.55,192.76,2023-09-23,0,NA,2023-09
CUST0555,Female,27,0,No,West,36,One Year,DSL,Yes,Bank Transfer,2,86.72,3137.3,2023-08-06,0,NA,2023-08
CUST0556,Male,40,0,No,South,8,One Year,Fiber Optic,No,Bank Transfer,2,94.48,744.55,2022-11-05,0,NA,2022-11
CUST0557,Female,32,1,Yes,East,58,Month-to-Month,Fiber Optic,No,Mailed Check,3,107.11,6227.1,2023-02-20,0,NA,2023-02
CUST0558,Male,29,0,No,East,60,One Year,DSL,No,Credit Card,4,100.09,5959.88,2023-07-16,0,NA,2023-07
CUST0559,Female,60,0,No,East,50,One Year,Fiber Optic,Yes,Electronic Check,2,74.05,3657.9,2022-01-01,1,Moved Away,2022-01
CUST0560,Female,34,0,Yes,North,28,Two Year,Fiber Optic,No,Mailed Check,2,67.7,1891.32,2022-11-08,0,NA,2022-11
CUST0561,Male,35,0,No,North,41,One Year,Fiber Optic,No,Credit Card,3,22.51,927.87,2022-10-21,0,NA,2022-10
CUST0562,Male,31,0,No,East,64,One Year,Fiber Optic,No,Electronic Check,1,42.2,2739.58,2022-08-04,0,NA,2022-08
CUST0563,Female,34,0,No,South,27,Month-to-Month,Fiber Optic,No,Electronic Check,1,61.37,1617.46,2023-03-17,1,Lack of Features,2023-03
CUST0564,Male,32,1,No,East,63,Month-to-Month,No Internet,Yes,Credit Card,4,76.57,4856.17,2023-08-17,0,NA,2023-08
CUST0565,Female,29,1,Yes,North,17,Month-to-Month,Fiber Optic,No,Mailed Check,3,70.15,1163.55,2023-09-14,0,NA,2023-09
CUST0566,Female,33,0,Yes,South,33,Month-to-Month,DSL,No,Bank Transfer,1,86.84,2855.13,2023-11-02,1,Better Price Elsewhere,2023-11
CUST0567,Male,49,0,No,East,29,One Year,Fiber Optic,No,Electronic Check,1,45.18,1291.88,2022-11-26,1,Lack of Features,2022-11
CUST0568,Female,40,0,Yes,North,13,Two Year,DSL,Yes,Bank Transfer,3,70.85,911.07,2023-04-22,0,NA,2023-04
CUST0569,Male,55,1,No,South,46,Month-to-Month,Fiber Optic,No,Electronic Check,3,27.93,1249.83,2023-03-29,0,NA,2023-03
CUST0570,Male,51,1,Yes,West,35,Month-to-Month,No Internet,No,Electronic Check,3,57.23,2003.41,2023-03-29,1,Better Price Elsewhere,2023-03
CUST0571,Female,51,0,No,West,6,Two Year,No Internet,No,Bank Transfer,1,87.51,555.22,2023-11-23,1,Poor Customer Service,2023-11
CUST0572,Male,33,0,No,East,69,Month-to-Month,Fiber Optic,No,Electronic Check,4,82.41,5680.44,2022-08-07,1,Financial Constraints,2022-08
CUST0573,Female,51,0,No,West,47,One Year,No Internet,No,Mailed Check,2,109.16,5129.58,2023-06-08,0,NA,2023-06
CUST0574,Female,57,0,Yes,North,25,One Year,No Internet,Yes,Electronic Check,3,45.01,1160.13,2023-04-30,0,NA,2023-04
CUST0575,Male,24,0,Yes,South,66,One Year,No Internet,No,Electronic Check,2,64.84,4300.05,2022-06-23,1,Better Price Elsewhere,2022-06
CUST0576,Male,50,0,Yes,East,10,Month-to-Month,No Internet,Yes,Electronic Check,1,49.66,495.65,2023-11-06,1,Switched to Competitor,2023-11
CUST0577,Female,21,0,Yes,South,56,Month-to-Month,Fiber Optic,No,Electronic Check,4,59.65,3316.17,2022-03-28,1,Financial Constraints,2022-03
CUST0578,Male,60,0,No,South,30,One Year,DSL,Yes,Credit Card,1,97.13,2952.39,2022-10-18,0,NA,2022-10
CUST0579,Female,69,0,No,South,5,One Year,Fiber Optic,No,Electronic Check,1,81.58,415.6,2023-06-12,0,NA,2023-06
CUST0580,Female,24,0,No,North,33,Month-to-Month,Fiber Optic,No,Mailed Check,3,99.42,3252.97,2023-11-11,0,NA,2023-11
CUST0581,Female,35,0,No,East,65,One Year,No Internet,No,Electronic Check,2,38.32,2467.71,2023-10-11,0,NA,2023-10
CUST0582,Female,21,0,No,West,18,Month-to-Month,Fiber Optic,Yes,Electronic Check,3,98.6,1805.11,2023-09-27,1,Lack of Features,2023-09
CUST0583,Female,66,0,No,South,49,One Year,DSL,No,Credit Card,2,25.38,1198.03,2022-12-10,0,NA,2022-12
CUST0584,Male,28,0,No,South,11,Month-to-Month,No Internet,Yes,Electronic Check,2,99.97,1148.88,2022-04-06,0,NA,2022-04
CUST0585,Female,60,0,No,South,26,Two Year,No Internet,Yes,Credit Card,4,49.62,1253.16,2022-08-29,0,NA,2022-08
CUST0586,Female,37,0,No,North,63,Month-to-Month,No Internet,Yes,Electronic Check,1,48.31,3073.14,2023-11-20,0,NA,2023-11
CUST0587,Female,28,0,No,West,59,Month-to-Month,Fiber Optic,No,Bank Transfer,3,66.09,3888.79,2022-11-14,0,NA,2022-11
CUST0588,Female,32,0,Yes,South,27,Month-to-Month,Fiber Optic,No,Mailed Check,1,104.66,2825.04,2022-08-19,0,NA,2022-08
CUST0589,Female,63,0,Yes,North,49,Month-to-Month,Fiber Optic,No,Credit Card,3,24.3,1228.77,2022-07-23,0,NA,2022-07
CUST0590,Female,34,0,No,North,33,Two Year,Fiber Optic,No,Mailed Check,1,51.7,1697.39,2022-05-31,0,NA,2022-05
CUST0591,Male,51,0,Yes,South,1,Two Year,Fiber Optic,Yes,Mailed Check,2,97.09,100.84,2022-01-26,0,NA,2022-01
CUST0592,Male,67,0,No,South,21,Month-to-Month,Fiber Optic,No,Electronic Check,3,55.64,1123.37,2022-02-17,1,Better Price Elsewhere,2022-02
CUST0593,Female,65,0,No,North,55,Month-to-Month,No Internet,Yes,Electronic Check,2,37.92,2035.83,2022-09-08,0,NA,2022-09
CUST0594,Female,29,0,Yes,North,6,One Year,DSL,Yes,Credit Card,3,58.23,323.86,2023-05-02,1,Financial Constraints,2023-05
CUST0595,Female,59,0,Yes,South,69,Two Year,Fiber Optic,Yes,Electronic Check,3,54.7,3792.36,2023-09-18,0,NA,2023-09
CUST0596,Male,45,0,No,North,5,One Year,DSL,No,Mailed Check,3,102.39,474.08,2022-03-16,1,Financial Constraints,2022-03
CUST0597,Female,65,0,No,North,3,Month-to-Month,Fiber Optic,No,Bank Transfer,4,88.57,227.09,2023-04-12,1,Switched to Competitor,2023-04
CUST0598,Female,52,0,Yes,South,53,Month-to-Month,Fiber Optic,Yes,Electronic Check,2,65.46,3460.48,2023-03-01,0,NA,2023-03
CUST0599,Female,25,1,No,South,23,One Year,DSL,No,Credit Card,1,108.95,2520.63,2023-10-07,0,NA,2023-10
CUST0600,Female,44,0,No,East,53,Month-to-Month,DSL,No,Bank Transfer,1,61.87,3300.32,2023-08-13,0,NA,2023-08
CUST0601,Female,39,0,No,West,37,One Year,DSL,Yes,Bank Transfer,1,25.24,901.73,2022-07-19,0,NA,2022-07
CUST0602,Female,41,0,Yes,South,17,Month-to-Month,Fiber Optic,No,Credit Card,1,43.6,699.16,2023-12-15,1,Poor Customer Service,2023-12
CUST0603,Male,19,1,No,South,1,One Year,No Internet,No,Electronic Check,2,59.25,103.29,2023-01-29,1,Switched to Competitor,2023-01
CUST0604,Female,48,0,Yes,South,51,Month-to-Month,DSL,No,Electronic Check,1,34.12,1716.19,2023-05-22,0,NA,2023-05
CUST0605,Female,39,0,No,West,45,One Year,DSL,No,Mailed Check,1,105.28,4772.93,2023-02-14,0,NA,2023-02
CUST0606,Female,18,1,No,East,4,Month-to-Month,DSL,No,Electronic Check,1,89.02,392.43,2022-09-07,1,Moved Away,2022-09
CUST0607,Female,31,0,No,North,62,One Year,No Internet,Yes,Bank Transfer,3,44.15,2764.55,2022-06-01,0,NA,2022-06
CUST0608,Female,42,0,No,West,65,Month-to-Month,DSL,No,Credit Card,2,73.17,4722.93,2023-11-03,0,NA,2023-11
CUST0609,Female,53,0,No,South,32,One Year,DSL,No,Mailed Check,2,84.93,2749.94,2023-12-06,0,NA,2023-12
CUST0610,Female,53,0,No,South,34,One Year,No Internet,Yes,Mailed Check,3,104.72,3587.41,2022-01-06,0,NA,2022-01
CUST0611,Female,58,0,Yes,East,72,One Year,DSL,No,Credit Card,1,99.35,7162.87,2022-04-20,0,NA,2022-04
CUST0612,Female,20,0,No,East,39,One Year,DSL,No,Mailed Check,4,66.37,2572.15,2023-03-12,0,NA,2023-03
CUST0613,Male,22,0,No,East,26,One Year,DSL,Yes,Mailed Check,2,89.72,2308.97,2022-08-13,0,NA,2022-08
CUST0614,Male,18,0,Yes,North,34,Two Year,Fiber Optic,No,Mailed Check,1,70.59,2362.25,2022-06-30,0,NA,2022-06
CUST0615,Male,36,0,No,West,54,Month-to-Month,Fiber Optic,No,Credit Card,3,69.74,3766.94,2023-12-14,0,NA,2023-12
CUST0616,Female,50,0,Yes,West,3,Two Year,DSL,Yes,Mailed Check,3,30.33,99.52,2023-06-15,0,NA,2023-06
CUST0617,Male,59,0,Yes,East,50,Month-to-Month,No Internet,Yes,Bank Transfer,2,31.35,1553.43,2023-04-21,0,NA,2023-04
CUST0618,Male,47,0,Yes,North,12,Month-to-Month,No Internet,Yes,Credit Card,3,67.66,809.46,2022-02-21,0,NA,2022-02
CUST0619,Male,29,0,No,West,65,Month-to-Month,Fiber Optic,No,Mailed Check,1,44.2,2859.35,2023-07-25,0,NA,2023-07
CUST0620,Male,27,0,No,South,54,Month-to-Month,DSL,No,Mailed Check,1,21.89,1196.16,2022-09-13,0,NA,2022-09
CUST0621,Female,51,0,No,South,5,One Year,Fiber Optic,No,Credit Card,1,85.06,465.43,2022-05-05,1,Financial Constraints,2022-05
CUST0622,Male,33,0,No,South,57,One Year,No Internet,Yes,Mailed Check,1,22.92,1272.83,2023-04-13,0,NA,2023-04
CUST0623,Male,57,0,No,West,17,One Year,No Internet,Yes,Credit Card,1,73.57,1238.83,2022-05-17,0,NA,2022-05
CUST0624,Female,63,0,No,East,47,One Year,DSL,Yes,Credit Card,4,68.53,3185.0,2023-04-21,0,NA,2023-04
CUST0625,Male,46,1,Yes,South,23,Month-to-Month,No Internet,No,Bank Transfer,1,107.19,2477.86,2023-11-15,1,Lack of Features,2023-11
CUST0626,Female,32,0,No,East,14,Month-to-Month,DSL,No,Bank Transfer,2,63.58,913.01,2023-06-28,1,Poor Customer Service,2023-06
CUST0627,Male,65,0,Yes,North,66,Month-to-Month,DSL,No,Credit Card,2,25.72,1740.71,2023-07-27,0,NA,2023-07
CUST0628,Male,28,0,No,South,51,Month-to-Month,Fiber Optic,Yes,Credit Card,3,69.65,3530.04,2023-09-02,0,NA,2023-09
CUST0629,Male,61,0,Yes,North,38,Month-to-Month,DSL,No,Mailed Check,4,95.7,3681.62,2022-11-21,1,Financial Constraints,2022-11
CUST0630,Female,51,0,No,East,64,Month-to-Month,DSL,No,Electronic Check,3,109.72,6978.41,2023-03-30,1,Poor Customer Service,2023-03
CUST0631,Male,53,0,Yes,West,38,One Year,DSL,Yes,Mailed Check,4,58.73,2242.04,2023-09-20,0,NA,2023-09
CUST0632,Male,47,0,Yes,East,50,One Year,Fiber Optic,No,Bank Transfer,3,48.83,2397.21,2023-06-01,0,NA,2023-06
CUST0633,Female,52,1,No,South,30,Two Year,No Internet,Yes,Mailed Check,4,101.6,3087.38,2023-03-13,0,NA,2023-03
CUST0634,Male,26,0,No,South,51,Two Year,Fiber Optic,Yes,Bank Transfer,3,37.21,1900.69,2023-07-16,0,NA,2023-07
CUST0635,Male,35,0,No,East,63,One Year,DSL,Yes,Mailed Check,1,75.39,4766.5,2023-04-02,1,Better Price Elsewhere,2023-04
CUST0636,Male,36,1,No,South,52,Month-to-Month,DSL,No,Bank Transfer,2,56.51,2971.68,2022-06-12,0,NA,2022-06
CUST0637,Male,56,0,No,South,38,One Year,DSL,No,Electronic Check,2,23.7,865.63,2023-05-02,0,NA,2023-05
CUST0638,Male,21,0,No,North,30,One Year,DSL,Yes,Bank Transfer,2,51.26,1491.66,2023-04-06,1,Poor Customer Service,2023-04
CUST0639,Female,23,0,No,West,51,Month-to-Month,Fiber Optic,Yes,Mailed Check,1,43.87,2275.26,2022-09-23,0,NA,2022-09
CUST0640,Female,68,0,No,East,5,Month-to-Month,Fiber Optic,No,Electronic Check,2,81.75,390.24,2022-09-11,1,Lack of Features,2022-09
CUST0641,Female,50,0,No,North,29,Two Year,DSL,No,Electronic Check,4,105.39,3019.21,2023-10-15,1,Lack of Features,2023-10
CUST0642,Male,49,0,No,South,4,Month-to-Month,DSL,No,Bank Transfer,1,44.12,173.33,2022-10-11,1,Switched to Competitor,2022-10
CUST0643,Male,33,0,No,North,10,One Year,Fiber Optic,Yes,Mailed Check,3,93.03,940.13,2023-06-18,0,NA,2023-06
CUST0644,Male,28,1,Yes,West,56,One Year,DSL,Yes,Electronic Check,3,24.98,1351.98,2023-05-12,0,NA,2023-05
CUST0645,Male,39,1,Yes,East,17,Month-to-Month,DSL,Yes,Credit Card,4,68.43,1140.8,2023-10-04,1,Switched to Competitor,2023-10
CUST0646,Male,53,1,No,West,17,Month-to-Month,DSL,Yes,Bank Transfer,4,26.35,401.23,2022-09-02,0,NA,2022-09
CUST0647,Female,67,0,No,West,69,Month-to-Month,No Internet,No,Credit Card,3,104.06,7172.17,2022-10-09,0,NA,2022-10
CUST0648,Female,40,0,Yes,North,34,Month-to-Month,Fiber Optic,No,Mailed Check,2,88.97,3064.49,2023-03-27,1,Poor Customer Service,2023-03
CUST0649,Female,43,0,No,North,6,Month-to-Month,Fiber Optic,No,Mailed Check,1,79.22,523.59,2022-03-21,1,Poor Customer Service,2022-03
CUST0650,Male,48,0,No,West,53,Two Year,DSL,No,Credit Card,2,94.15,5003.65,2024-01-01,1,Lack of Features,2024-01
CUST0651,Female,46,1,Yes,South,66,Month-to-Month,DSL,Yes,Mailed Check,3,78.28,5132.64,2022-10-20,0,NA,2022-10
CUST0652,Female,22,0,No,East,43,One Year,DSL,Yes,Bank Transfer,3,107.2,4650.18,2022-08-29,0,NA,2022-08
CUST0653,Female,55,1,No,South,23,Month-to-Month,No Internet,No,Electronic Check,3,84.26,1939.6,2022-10-06,1,Moved Away,2022-10
CUST0654,Female,42,0,No,South,55,Two Year,No Internet,Yes,Mailed Check,1,103.22,5642.47,2022-12-10,0,NA,2022-12
CUST0655,Male,51,1,No,East,16,Month-to-Month,No Internet,Yes,Electronic Check,2,66.54,1106.81,2022-11-24,1,Switched to Competitor,2022-11
CUST0656,Male,29,1,No,North,8,Month-to-Month,DSL,Yes,Electronic Check,2,30.54,270.07,2023-07-08,1,Better Price Elsewhere,2023-07
CUST0657,Female,39,0,No,South,4,Two Year,DSL,Yes,Electronic Check,1,67.54,293.33,2022-03-24,0,NA,2022-03
CUST0658,Female,26,0,No,North,4,Two Year,Fiber Optic,Yes,Electronic Check,1,31.42,146.6,2022-05-22,1,Switched to Competitor,2022-05
CUST0659,Female,37,0,No,East,56,Month-to-Month,Fiber Optic,No,Credit Card,1,73.32,4075.95,2022-06-04,1,Moved Away,2022-06
CUST0660,Female,46,0,No,South,25,Two Year,DSL,No,Electronic Check,3,63.42,1556.6,2022-08-25,1,Financial Constraints,2022-08
CUST0661,Female,61,0,No,North,67,Month-to-Month,Fiber Optic,Yes,Bank Transfer,1,76.03,5112.84,2023-01-28,0,NA,2023-01
CUST0662,Female,46,0,No,North,67,Month-to-Month,No Internet,Yes,Credit Card,1,20.9,1372.27,2023-12-12,0,NA,2023-12
CUST0663,Female,62,1,Yes,South,27,Month-to-Month,DSL,No,Mailed Check,4,37.54,1007.45,2022-06-06,1,Moved Away,2022-06
CUST0664,Female,44,0,Yes,East,32,Month-to-Month,DSL,Yes,Electronic Check,2,64.22,2083.24,2023-12-25,0,NA,2023-12
CUST0665,Female,34,0,Yes,West,50,One Year,Fiber Optic,Yes,Bank Transfer,1,105.55,5305.9,2022-08-08,0,NA,2022-08
CUST0666,Male,22,0,Yes,North,61,Month-to-Month,Fiber Optic,Yes,Bank Transfer,1,54.52,3321.05,2022-03-07,1,Lack of Features,2022-03
CUST0667,Female,69,0,No,East,51,Month-to-Month,Fiber Optic,Yes,Bank Transfer,1,58.19,2996.91,2023-03-01,1,Switched to Competitor,2023-03
CUST0668,Male,62,0,No,South,19,One Year,Fiber Optic,No,Bank Transfer,1,84.32,1635.94,2023-02-22,0,NA,2023-02
CUST0669,Male,30,0,No,North,21,One Year,Fiber Optic,No,Credit Card,1,74.34,1576.62,2022-12-05,1,Financial Constraints,2022-12
CUST0670,Female,59,0,No,North,5,Month-to-Month,DSL,Yes,Bank Transfer,2,46.9,207.34,2023-07-10,1,Moved Away,2023-07
CUST0671,Female,32,0,No,North,42,One Year,No Internet,Yes,Mailed Check,1,56.97,2370.14,2023-04-23,0,NA,2023-04
CUST0672,Male,32,0,No,East,61,Month-to-Month,No Internet,Yes,Bank Transfer,2,39.59,2396.47,2023-03-02,0,NA,2023-03
CUST0673,Male,35,0,No,North,22,One Year,DSL,Yes,Electronic Check,3,106.94,2314.36,2022-03-05,0,NA,2022-03
CUST0674,Female,67,0,No,North,21,One Year,Fiber Optic,No,Credit Card,2,31.76,644.28,2022-07-31,0,NA,2022-07
CUST0675,Male,19,0,No,South,70,Two Year,No Internet,No,Electronic Check,4,53.47,3713.85,2023-03-07,0,NA,2023-03
CUST0676,Female,40,0,No,North,1,Month-to-Month,No Internet,No,Electronic Check,2,22.33,17.86,2023-02-03,1,Financial Constraints,2023-02
CUST0677,Female,60,1,Yes,East,5,Month-to-Month,Fiber Optic,No,Credit Card,2,39.96,240.64,2023-08-22,0,NA,2023-08
CUST0678,Male,30,0,No,South,12,Month-to-Month,DSL,No,Bank Transfer,3,90.24,1043.33,2023-12-14,0,NA,2023-12
CUST0679,Female,60,0,No,West,46,Month-to-Month,Fiber Optic,No,Mailed Check,1,38.11,1775.09,2022-01-21,0,NA,2022-01
CUST0680,Male,21,0,Yes,South,34,Month-to-Month,No Internet,Yes,Mailed Check,1,27.21,943.87,2023-08-13,0,NA,2023-08
CUST0681,Female,64,0,No,North,49,Two Year,No Internet,Yes,Credit Card,3,62.7,3031.88,2023-01-25,0,NA,2023-01
CUST0682,Female,42,1,No,West,45,Month-to-Month,Fiber Optic,No,Mailed Check,2,20.9,982.76,2023-05-04,1,Switched to Competitor,2023-05
CUST0683,Male,28,0,Yes,South,27,Month-to-Month,No Internet,Yes,Credit Card,3,27.63,752.86,2022-01-07,0,NA,2022-01
CUST0684,Male,67,0,No,North,26,One Year,DSL,No,Electronic Check,4,92.69,2396.31,2022-12-27,0,NA,2022-12
CUST0685,Female,65,0,No,South,47,Month-to-Month,No Internet,No,Bank Transfer,2,89.43,4228.86,2022-11-02,0,NA,2022-11
CUST0686,Female,59,0,No,East,56,One Year,DSL,No,Credit Card,2,102.36,5707.9,2023-02-04,0,NA,2023-02
CUST0687,Male,29,0,No,North,63,Month-to-Month,No Internet,Yes,Electronic Check,2,96.91,6124.68,2023-03-06,1,Financial Constraints,2023-03
CUST0688,Female,30,0,No,East,48,Month-to-Month,Fiber Optic,No,Mailed Check,4,81.49,3865.49,2023-07-06,1,Switched to Competitor,2023-07
CUST0689,Male,26,0,No,North,61,Month-to-Month,Fiber Optic,Yes,Electronic Check,3,24.71,1541.25,2023-07-14,1,Moved Away,2023-07
CUST0690,Male,62,0,No,East,26,Month-to-Month,Fiber Optic,No,Bank Transfer,4,90.46,2346.78,2023-09-10,1,Poor Customer Service,2023-09
CUST0691,Male,55,0,No,West,36,Two Year,No Internet,Yes,Mailed Check,1,96.1,3473.27,2022-08-14,0,NA,2022-08
CUST0692,Female,23,0,Yes,East,1,Month-to-Month,No Internet,No,Bank Transfer,3,91.92,64.04,2023-05-15,0,NA,2023-05
CUST0693,Male,60,0,No,South,8,One Year,No Internet,No,Electronic Check,1,65.76,543.79,2022-08-13,1,Financial Constraints,2022-08
CUST0694,Female,68,0,No,North,52,Month-to-Month,No Internet,No,Electronic Check,1,40.96,2157.14,2022-10-07,1,Poor Customer Service,2022-10
CUST0695,Male,60,0,No,South,47,Month-to-Month,Fiber Optic,No,Electronic Check,4,96.08,4513.08,2023-03-23,0,NA,2023-03
CUST0696,Female,27,0,No,East,56,Two Year,Fiber Optic,No,Electronic Check,1,85.44,4796.41,2023-05-13,0,NA,2023-05
CUST0697,Female,40,0,No,North,14,Month-to-Month,Fiber Optic,No,Mailed Check,4,108.27,1511.41,2022-01-30,1,Switched to Competitor,2022-01
CUST0698,Male,32,0,No,East,28,One Year,Fiber Optic,No,Credit Card,1,34.01,991.69,2023-02-03,1,Lack of Features,2023-02
CUST0699,Male,62,0,No,West,2,Two Year,Fiber Optic,Yes,Bank Transfer,3,40.31,80.41,2022-12-11,1,Better Price Elsewhere,2022-12
CUST0700,Male,40,0,Yes,West,26,One Year,DSL,No,Mailed Check,1,39.06,1049.74,2023-11-16,0,NA,2023-11
CUST0701,Female,57,1,No,West,14,Two Year,Fiber Optic,No,Credit Card,2,91.33,1308.76,2023-11-27,0,NA,2023-11
CUST0702,Female,54,0,No,East,59,Month-to-Month,Fiber Optic,No,Bank Transfer,1,36.82,2163.43,2023-02-19,0,NA,2023-02
CUST0703,Female,51,0,No,East,56,Month-to-Month,Fiber Optic,Yes,Credit Card,2,26.0,1429.01,2022-06-19,1,Switched to Competitor,2022-06
CUST0704,Male,33,0,No,West,7,Month-to-Month,Fiber Optic,No,Mailed Check,2,109.87,759.7,2023-04-24,1,Better Price Elsewhere,2023-04
CUST0705,Male,62,1,Yes,East,3,One Year,No Internet,Yes,Electronic Check,3,22.23,99.31,2022-05-11,0,NA,2022-05
CUST0706,Male,68,0,No,South,23,Two Year,DSL,Yes,Electronic Check,1,95.17,2161.67,2023-09-30,0,NA,2023-09
CUST0707,Male,58,1,No,East,18,Month-to-Month,No Internet,No,Bank Transfer,1,52.88,954.28,2023-07-01,1,Better Price Elsewhere,2023-07
CUST0708,Male,64,1,Yes,South,38,One Year,Fiber Optic,Yes,Electronic Check,1,95.75,3669.11,2022-01-28,0,NA,2022-01
CUST0709,Female,49,0,Yes,West,15,Month-to-Month,Fiber Optic,Yes,Electronic Check,2,69.92,1034.15,2023-02-08,0,NA,2023-02
CUST0710,Male,55,1,Yes,East,64,One Year,No Internet,No,Mailed Check,3,101.15,6487.82,2023-08-30,0,NA,2023-08
CUST0711,Female,57,0,No,West,28,Month-to-Month,Fiber Optic,Yes,Mailed Check,3,103.36,2868.64,2023-08-01,1,Switched to Competitor,2023-08
CUST0712,Male,63,1,No,North,39,Two Year,Fiber Optic,Yes,Bank Transfer,1,20.82,772.91,2023-11-10,0,NA,2023-11
CUST0713,Male,22,0,No,East,57,One Year,Fiber Optic,Yes,Electronic Check,2,26.79,1556.47,2022-01-28,0,NA,2022-01
CUST0714,Male,34,0,No,East,17,Month-to-Month,Fiber Optic,No,Mailed Check,3,42.53,682.91,2022-03-27,1,Poor Customer Service,2022-03
CUST0715,Male,39,0,No,West,44,Month-to-Month,Fiber Optic,No,Bank Transfer,1,80.24,3507.7,2023-10-21,0,NA,2023-10
CUST0716,Male,56,0,Yes,West,25,Month-to-Month,Fiber Optic,No,Credit Card,2,99.94,2534.01,2023-03-15,0,NA,2023-03
CUST0717,Female,58,0,No,West,17,Month-to-Month,DSL,Yes,Bank Transfer,2,61.39,1028.28,2022-05-19,0,NA,2022-05
CUST0718,Male,65,0,No,North,13,Month-to-Month,Fiber Optic,Yes,Credit Card,1,74.63,1017.49,2023-04-18,0,NA,2023-04
CUST0719,Female,35,0,No,North,25,Two Year,Fiber Optic,Yes,Bank Transfer,1,36.96,971.97,2022-07-06,1,Poor Customer Service,2022-07
CUST0720,Female,45,0,No,West,68,One Year,No Internet,No,Bank Transfer,1,92.45,6263.43,2022-02-21,0,NA,2022-02
CUST0721,Female,30,0,No,East,10,One Year,Fiber Optic,No,Electronic Check,2,107.06,1024.7,2022-09-24,0,NA,2022-09
CUST0722,Female,67,0,No,East,67,Month-to-Month,Fiber Optic,Yes,Bank Transfer,1,44.17,2979.9,2023-01-24,0,NA,2023-01
CUST0723,Male,59,0,No,West,18,Two Year,No Internet,Yes,Bank Transfer,1,64.53,1156.64,2022-12-02,0,NA,2022-12
CUST0724,Male,18,0,No,South,34,One Year,Fiber Optic,Yes,Bank Transfer,2,27.75,903.58,2022-08-05,0,NA,2022-08
CUST0725,Male,67,0,Yes,North,8,Month-to-Month,Fiber Optic,No,Mailed Check,1,70.32,583.31,2023-04-11,1,Moved Away,2023-04
CUST0726,Male,36,0,No,North,40,One Year,DSL,No,Mailed Check,1,65.25,2563.12,2022-12-01,0,NA,2022-12
CUST0727,Male,51,0,No,South,42,One Year,Fiber Optic,No,Electronic Check,4,33.0,1423.02,2022-12-12,0,NA,2022-12
CUST0728,Female,21,1,Yes,West,41,Month-to-Month,DSL,No,Mailed Check,1,59.79,2415.26,2023-01-24,0,NA,2023-01
CUST0729,Male,60,0,Yes,East,6,Month-to-Month,No Internet,No,Electronic Check,3,50.07,263.15,2022-10-12,0,NA,2022-10
CUST0730,Male,20,1,Yes,East,52,Month-to-Month,Fiber Optic,Yes,Credit Card,2,66.96,3449.49,2023-03-08,0,NA,2023-03
CUST0731,Female,58,0,No,North,26,Month-to-Month,DSL,Yes,Electronic Check,3,72.71,1936.49,2022-09-16,1,Switched to Competitor,2022-09
CUST0732,Male,27,0,No,South,64,Two Year,DSL,No,Electronic Check,2,20.76,1347.96,2022-03-25,0,NA,2022-03
CUST0733,Male,45,0,No,East,59,Two Year,Fiber Optic,No,Mailed Check,1,88.49,5251.05,2023-04-27,0,NA,2023-04
CUST0734,Female,51,0,No,North,56,One Year,DSL,No,Bank Transfer,3,84.17,4703.28,2022-01-20,0,NA,2022-01
CUST0735,Male,56,0,No,East,59,Month-to-Month,Fiber Optic,No,Mailed Check,2,52.97,3108.86,2023-07-07,1,Poor Customer Service,2023-07
CUST0736,Female,64,0,No,East,70,Month-to-Month,DSL,No,Electronic Check,3,24.76,1706.65,2022-02-23,0,NA,2022-02
CUST0737,Female,36,0,Yes,East,33,One Year,Fiber Optic,No,Mailed Check,2,87.94,2900.08,2022-12-25,0,NA,2022-12
CUST0738,Male,59,0,No,North,53,One Year,DSL,No,Mailed Check,4,105.97,5621.59,2022-08-18,0,NA,2022-08
CUST0739,Female,69,0,No,South,22,Month-to-Month,Fiber Optic,No,Credit Card,3,41.61,928.6,2023-10-28,0,NA,2023-10
CUST0740,Male,63,0,Yes,West,21,One Year,No Internet,Yes,Credit Card,4,49.12,1007.23,2022-03-12,0,NA,2022-03
CUST0741,Male,53,0,No,South,70,Two Year,Fiber Optic,No,Mailed Check,2,36.54,2602.67,2023-10-30,0,NA,2023-10
CUST0742,Male,60,0,No,East,70,Month-to-Month,Fiber Optic,No,Electronic Check,2,71.92,5001.38,2022-02-11,1,Switched to Competitor,2022-02
CUST0743,Female,20,0,Yes,South,4,Month-to-Month,DSL,Yes,Bank Transfer,3,33.94,182.33,2022-02-01,1,Moved Away,2022-02
CUST0744,Female,40,0,Yes,East,62,One Year,DSL,No,Electronic Check,3,52.06,3179.21,2022-09-11,1,Poor Customer Service,2022-09
CUST0745,Female,34,0,Yes,North,62,Month-to-Month,DSL,No,Mailed Check,4,82.73,5127.37,2022-07-24,0,NA,2022-07
CUST0746,Female,24,1,No,North,24,Month-to-Month,DSL,Yes,Electronic Check,2,70.41,1673.18,2022-01-21,0,NA,2022-01
CUST0747,Female,43,0,No,North,55,Month-to-Month,DSL,No,Credit Card,3,54.78,3007.81,2023-09-29,1,Financial Constraints,2023-09
CUST0748,Female,60,0,No,East,9,Month-to-Month,No Internet,Yes,Electronic Check,1,57.82,527.45,2022-06-06,0,NA,2022-06
CUST0749,Female,35,0,Yes,South,3,One Year,Fiber Optic,No,Mailed Check,2,70.59,205.33,2022-09-02,0,NA,2022-09
CUST0750,Female,63,0,No,West,31,One Year,DSL,No,Bank Transfer,1,20.53,627.91,2022-05-10,0,NA,2022-05
CUST0751,Female,63,0,No,West,40,Month-to-Month,No Internet,Yes,Mailed Check,2,27.07,1106.07,2023-04-30,0,NA,2023-04
CUST0752,Female,23,0,Yes,North,36,Two Year,No Internet,Yes,Electronic Check,4,99.31,3593.75,2023-11-17,0,NA,2023-11
CUST0753,Female,48,0,No,West,24,Two Year,No Internet,No,Credit Card,1,27.01,681.57,2022-04-28,0,NA,2022-04
CUST0754,Male,46,0,No,East,6,Two Year,Fiber Optic,Yes,Mailed Check,2,83.61,476.66,2023-08-01,1,Financial Constraints,2023-08
CUST0755,Female,26,0,No,South,66,Month-to-Month,Fiber Optic,Yes,Bank Transfer,2,102.8,6795.75,2022-08-12,1,Moved Away,2022-08
CUST0756,Male,52,0,Yes,West,4,Month-to-Month,DSL,No,Electronic Check,1,44.36,185.96,2023-04-22,1,Financial Constraints,2023-04
CUST0757,Male,34,0,Yes,West,6,Two Year,DSL,Yes,Mailed Check,2,53.34,307.01,2023-12-18,0,NA,2023-12
CUST0758,Male,29,0,No,South,51,One Year,DSL,Yes,Mailed Check,2,71.2,3629.81,2022-09-20,0,NA,2022-09
CUST0759,Male,53,0,No,West,62,Month-to-Month,DSL,No,Electronic Check,1,99.35,6141.08,2023-01-13,0,NA,2023-01
CUST0760,Female,69,0,No,South,57,Month-to-Month,No Internet,No,Electronic Check,3,104.77,5936.07,2022-06-21,0,NA,2022-06
CUST0761,Male,65,0,No,East,66,Month-to-Month,Fiber Optic,No,Credit Card,4,86.56,5684.34,2023-09-13,1,Moved Away,2023-09
CUST0762,Male,41,0,No,East,8,Two Year,No Internet,No,Electronic Check,1,27.8,182.95,2023-09-14,0,NA,2023-09
CUST0763,Male,27,1,No,East,26,One Year,Fiber Optic,Yes,Electronic Check,1,80.22,2104.03,2022-04-28,1,Financial Constraints,2022-04
CUST0764,Female,47,0,No,North,51,Month-to-Month,Fiber Optic,Yes,Mailed Check,2,56.93,2919.5,2022-06-17,0,NA,2022-06
CUST0765,Male,46,0,No,East,45,Month-to-Month,DSL,Yes,Bank Transfer,3,62.36,2851.26,2022-11-15,0,NA,2022-11
CUST0766,Male,56,0,No,West,44,One Year,DSL,No,Electronic Check,1,24.42,1097.45,2022-04-21,1,Financial Constraints,2022-04
CUST0767,Female,27,0,No,North,5,Two Year,Fiber Optic,No,Bank Transfer,1,37.2,141.2,2023-08-16,0,NA,2023-08
CUST0768,Female,56,0,No,North,70,Month-to-Month,Fiber Optic,No,Electronic Check,2,91.15,6418.92,2022-01-27,1,Switched to Competitor,2022-01
CUST0769,Female,45,0,No,North,26,One Year,No Internet,No,Electronic Check,4,60.86,1618.63,2022-11-16,0,NA,2022-11
CUST0770,Female,35,0,No,East,68,Two Year,Fiber Optic,No,Electronic Check,2,47.15,3200.53,2023-08-13,1,Switched to Competitor,2023-08
CUST0771,Female,58,0,Yes,North,19,Month-to-Month,DSL,Yes,Credit Card,2,54.56,1045.23,2023-11-25,0,NA,2023-11
CUST0772,Female,67,0,No,East,20,One Year,DSL,No,Electronic Check,4,96.9,1985.61,2023-01-20,0,NA,2023-01
CUST0773,Female,34,0,No,East,12,Month-to-Month,DSL,Yes,Electronic Check,3,87.41,1052.15,2023-02-11,0,NA,2023-02
CUST0774,Female,28,0,No,North,47,One Year,DSL,Yes,Mailed Check,3,44.51,2132.5,2022-07-23,0,NA,2022-07
CUST0775,Female,18,0,No,North,1,One Year,Fiber Optic,No,Credit Card,2,30.58,-11.12,2022-03-19,1,Moved Away,2022-03
CUST0776,Male,34,0,No,West,14,One Year,DSL,No,Electronic Check,4,42.68,566.63,2023-08-30,0,NA,2023-08
CUST0777,Female,53,0,No,North,64,One Year,Fiber Optic,No,Mailed Check,3,102.87,6577.76,2023-12-09,1,Switched to Competitor,2023-12
CUST0778,Male,53,0,No,East,38,Month-to-Month,DSL,No,Electronic Check,3,72.34,2757.4,2023-10-05,0,NA,2023-10
CUST0779,Male,63,0,Yes,West,37,Two Year,Fiber Optic,Yes,Mailed Check,3,68.01,2547.99,2022-09-06,0,NA,2022-09
CUST0780,Female,26,0,No,West,11,One Year,DSL,No,Bank Transfer,3,73.68,859.31,2022-04-15,0,NA,2022-04
CUST0781,Female,62,0,No,East,3,Month-to-Month,Fiber Optic,No,Bank Transfer,1,52.94,147.71,2023-12-15,1,Financial Constraints,2023-12
CUST0782,Female,45,0,No,North,33,One Year,Fiber Optic,Yes,Electronic Check,2,92.64,3011.86,2022-11-05,0,NA,2022-11
CUST0783,Female,65,0,No,North,6,One Year,Fiber Optic,No,Electronic Check,3,67.1,432.72,2023-12-02,1,Switched to Competitor,2023-12
CUST0784,Male,50,0,Yes,South,50,Month-to-Month,Fiber Optic,No,Electronic Check,1,30.51,1535.94,2023-09-07,0,NA,2023-09
CUST0785,Male,20,0,No,North,10,Two Year,No Internet,No,Mailed Check,2,31.62,286.05,2022-05-04,0,NA,2022-05
CUST0786,Female,68,0,No,South,5,Two Year,Fiber Optic,No,Electronic Check,1,68.32,341.08,2023-08-03,0,NA,2023-08
CUST0787,Male,25,0,Yes,West,23,Month-to-Month,No Internet,No,Bank Transfer,3,104.29,2422.9,2022-02-12,0,NA,2022-02
CUST0788,Female,67,0,No,West,10,Two Year,No Internet,No,Credit Card,1,47.75,504.54,2022-12-22,0,NA,2022-12
CUST0789,Male,23,0,No,West,44,Month-to-Month,DSL,Yes,Credit Card,3,98.26,4323.4,2023-06-30,1,Lack of Features,2023-06
CUST0790,Male,69,0,Yes,South,2,Month-to-Month,Fiber Optic,Yes,Credit Card,2,88.77,158.06,2023-03-15,1,Better Price Elsewhere,2023-03
CUST0791,Female,23,1,Yes,East,13,Month-to-Month,Fiber Optic,Yes,Bank Transfer,1,42.3,597.27,2023-11-09,0,NA,2023-11
CUST0792,Female,46,0,No,East,40,Two Year,No Internet,Yes,Bank Transfer,2,23.27,947.14,2023-01-15,0,NA,2023-01
CUST0793,Male,54,1,No,West,2,One Year,Fiber Optic,No,Electronic Check,1,29.17,49.16,2022-03-12,0,NA,2022-03
CUST0794,Female,29,1,No,South,65,Month-to-Month,Fiber Optic,No,Bank Transfer,2,85.56,5539.45,2023-06-03,0,NA,2023-06
CUST0795,Male,26,0,No,South,63,Month-to-Month,DSL,Yes,Mailed Check,2,37.97,2415.22,2023-10-26,0,NA,2023-10
CUST0796,Female,58,1,No,West,17,One Year,No Internet,Yes,Mailed Check,1,53.41,882.19,2022-12-16,0,NA,2022-12
CUST0797,Female,66,0,No,North,9,Month-to-Month,No Internet,Yes,Bank Transfer,4,65.15,553.52,2022-01-13,0,NA,2022-01
CUST0798,Female,36,0,No,West,15,Two Year,Fiber Optic,No,Electronic Check,1,85.29,1282.33,2023-03-07,0,NA,2023-03
CUST0799,Female,34,0,No,South,24,Two Year,DSL,No,Electronic Check,3,30.19,703.56,2023-05-17,0,NA,2023-05
CUST0800,Female,65,0,Yes,North,38,One Year,Fiber Optic,No,Credit Card,2,56.57,2162.55,2022-04-19,1,Financial Constraints,2022-04
CUST0801,Female,61,0,No,East,35,Two Year,Fiber Optic,No,Electronic Check,2,63.66,2189.89,2023-03-20,1,Switched to Competitor,2023-03
CUST0802,Female,49,0,No,North,49,Month-to-Month,No Internet,Yes,Mailed Check,2,68.67,3380.32,2023-01-06,0,NA,2023-01
CUST0803,Male,52,0,Yes,East,69,Two Year,Fiber Optic,Yes,Credit Card,3,93.65,6440.18,2023-10-13,0,NA,2023-10
CUST0804,Female,31,0,No,South,62,One Year,Fiber Optic,Yes,Bank Transfer,3,35.45,2147.92,2023-04-16,0,NA,2023-04
CUST0805,Male,66,0,No,West,60,One Year,Fiber Optic,Yes,Mailed Check,3,92.7,5524.69,2023-12-26,0,NA,2023-12
CUST0806,Female,33,1,No,West,50,Month-to-Month,No Internet,No,Electronic Check,1,82.36,4161.36,2022-06-06,1,Better Price Elsewhere,2022-06
CUST0807,Male,38,0,No,West,9,Two Year,No Internet,No,Mailed Check,3,70.03,667.01,2023-03-22,0,NA,2023-03
CUST0808,Female,29,0,No,West,34,Month-to-Month,DSL,No,Credit Card,1,82.96,2794.0,2022-06-30,0,NA,2022-06
CUST0809,Female,41,0,No,West,35,Month-to-Month,DSL,No,Mailed Check,1,57.08,2025.64,2023-06-19,0,NA,2023-06
CUST0810,Male,51,0,Yes,South,1,Month-to-Month,Fiber Optic,Yes,Mailed Check,2,32.46,43.32,2023-10-29,1,Financial Constraints,2023-10
CUST0811,Female,25,0,No,South,40,One Year,DSL,Yes,Electronic Check,2,79.92,3243.89,2022-10-04,0,NA,2022-10
CUST0812,Female,61,0,No,West,64,One Year,Fiber Optic,No,Electronic Check,2,67.22,4289.44,2023-09-23,0,NA,2023-09
CUST0813,Female,38,0,No,North,22,One Year,Fiber Optic,No,Credit Card,3,77.54,1724.03,2023-07-06,0,NA,2023-07
CUST0814,Female,65,0,Yes,West,60,Two Year,DSL,Yes,Mailed Check,2,50.42,2981.55,2023-05-11,0,NA,2023-05
CUST0815,Female,25,1,No,East,64,Month-to-Month,No Internet,No,Bank Transfer,2,101.62,6493.3,2023-04-22,1,Lack of Features,2023-04
CUST0816,Male,45,0,No,East,72,One Year,Fiber Optic,No,Electronic Check,1,72.86,5292.3,2023-03-23,0,NA,2023-03
CUST0817,Female,33,0,No,East,11,Month-to-Month,Fiber Optic,No,Bank Transfer,3,27.69,308.49,2023-08-30,1,Better Price Elsewhere,2023-08
CUST0818,Male,27,0,No,East,14,Two Year,Fiber Optic,No,Credit Card,2,60.48,825.51,2022-10-02,1,Financial Constraints,2022-10
CUST0819,Male,69,0,No,West,60,Two Year,Fiber Optic,No,Bank Transfer,2,88.07,5246.23,2022-11-27,0,NA,2022-11
CUST0820,Male,32,0,No,East,30,One Year,No Internet,No,Electronic Check,3,91.47,2764.45,2022-09-09,1,Switched to Competitor,2022-09
CUST0821,Male,21,0,Yes,North,35,One Year,DSL,No,Bank Transfer,2,64.51,2272.34,2022-03-30,0,NA,2022-03
CUST0822,Male,43,0,No,West,37,Month-to-Month,DSL,No,Bank Transfer,2,100.53,3707.0,2022-10-13,0,NA,2022-10
CUST0823,Male,32,0,Yes,East,5,Month-to-Month,DSL,Yes,Mailed Check,2,44.09,265.54,2023-04-07,0,NA,2023-04
CUST0824,Male,53,0,No,West,26,Two Year,Fiber Optic,No,Credit Card,2,56.95,1432.92,2022-09-07,0,NA,2022-09
CUST0825,Male,49,0,No,West,62,Month-to-Month,DSL,Yes,Bank Transfer,3,100.87,6234.31,2023-04-21,0,NA,2023-04
CUST0826,Female,60,0,No,West,4,Month-to-Month,Fiber Optic,Yes,Credit Card,1,100.66,444.75,2023-08-07,1,Financial Constraints,2023-08
CUST0827,Male,55,0,No,South,42,Month-to-Month,DSL,No,Bank Transfer,1,81.71,3413.91,2023-09-17,0,NA,2023-09
CUST0828,Female,21,0,No,East,18,Two Year,No Internet,No,Electronic Check,1,97.31,1726.81,2023-11-16,1,Financial Constraints,2023-11
CUST0829,Male,58,0,Yes,South,40,Month-to-Month,DSL,Yes,Electronic Check,2,27.99,1123.02,2023-01-24,0,NA,2023-01
CUST0830,Male,26,0,No,North,72,Month-to-Month,Fiber Optic,Yes,Electronic Check,3,97.85,7077.58,2022-12-11,0,NA,2022-12
CUST0831,Female,52,0,No,North,39,One Year,No Internet,Yes,Credit Card,2,48.86,1865.85,2022-01-30,0,NA,2022-01
CUST0832,Male,45,0,No,South,14,Two Year,Fiber Optic,No,Bank Transfer,1,36.05,549.0,2023-05-22,0,NA,2023-05
CUST0833,Female,54,0,No,East,32,Month-to-Month,Fiber Optic,Yes,Bank Transfer,3,41.54,1358.79,2022-11-29,0,NA,2022-11
CUST0834,Male,64,0,No,West,51,Month-to-Month,Fiber Optic,Yes,Electronic Check,3,57.62,2906.75,2022-07-06,0,NA,2022-07
CUST0835,Female,26,1,No,North,38,Month-to-Month,Fiber Optic,No,Electronic Check,3,42.61,1640.38,2023-05-15,0,NA,2023-05
CUST0836,Female,19,0,Yes,North,23,Month-to-Month,DSL,Yes,Bank Transfer,2,48.85,1112.05,2022-08-06,0,NA,2022-08
CUST0837,Male,20,0,No,North,63,Month-to-Month,DSL,No,Mailed Check,3,32.15,2015.68,2022-12-30,0,NA,2022-12
CUST0838,Male,61,0,No,East,15,One Year,No Internet,No,Electronic Check,1,46.66,728.23,2022-09-22,0,NA,2022-09
CUST0839,Male,65,0,Yes,South,25,One Year,DSL,Yes,Bank Transfer,1,71.51,1834.03,2022-12-15,0,NA,2022-12
CUST0840,Male,22,0,No,South,17,One Year,DSL,No,Electronic Check,1,59.77,978.76,2022-10-14,0,NA,2022-10
CUST0841,Female,27,0,No,East,66,Month-to-Month,Fiber Optic,No,Electronic Check,3,51.2,3371.26,2023-09-03,0,NA,2023-09
CUST0842,Female,45,0,No,North,53,Two Year,Fiber Optic,No,Mailed Check,1,87.18,4618.63,2023-12-20,1,Poor Customer Service,2023-12
CUST0843,Female,32,0,No,East,51,Month-to-Month,DSL,No,Electronic Check,2,100.42,5109.05,2022-10-10,1,Poor Customer Service,2022-10
CUST0844,Female,31,0,No,East,39,Two Year,Fiber Optic,Yes,Credit Card,2,88.11,3422.61,2023-07-24,0,NA,2023-07
CUST0845,Female,63,0,Yes,South,51,One Year,No Internet,No,Electronic Check,2,49.88,2499.11,2022-01-11,0,NA,2022-01
CUST0846,Female,40,0,Yes,East,70,Month-to-Month,Fiber Optic,No,Electronic Check,3,87.0,6108.55,2023-06-14,0,NA,2023-06
CUST0847,Female,30,0,No,East,6,One Year,Fiber Optic,Yes,Electronic Check,1,33.68,195.7,2022-07-15,0,NA,2022-07
CUST0848,Male,33,0,Yes,North,67,Month-to-Month,DSL,Yes,Bank Transfer,2,31.73,2095.39,2022-03-29,0,NA,2022-03
CUST0849,Male,47,0,No,West,7,One Year,Fiber Optic,Yes,Mailed Check,3,51.11,389.37,2022-09-05,0,NA,2022-09
CUST0850,Male,57,0,No,North,51,Month-to-Month,Fiber Optic,Yes,Mailed Check,1,92.69,4757.45,2023-02-21,1,Moved Away,2023-02
CUST0851,Male,25,0,No,South,72,Month-to-Month,DSL,No,Electronic Check,3,42.17,3034.88,2023-05-16,0,NA,2023-05
CUST0852,Male,34,0,No,West,42,Two Year,Fiber Optic,Yes,Electronic Check,3,25.69,1058.83,2023-07-23,0,NA,2023-07
CUST0853,Male,47,0,No,North,64,Month-to-Month,DSL,Yes,Mailed Check,4,31.85,2052.21,2022-09-04,0,NA,2022-09
CUST0854,Male,34,0,No,East,15,Two Year,Fiber Optic,No,Credit Card,3,97.29,1438.17,2023-12-09,1,Poor Customer Service,2023-12
CUST0855,Male,52,1,No,East,29,Month-to-Month,Fiber Optic,Yes,Credit Card,2,77.04,2207.76,2023-05-03,0,NA,2023-05
CUST0856,Female,18,0,No,West,33,One Year,Fiber Optic,No,Electronic Check,2,42.79,1435.12,2023-10-24,0,NA,2023-10
CUST0857,Male,66,0,No,West,27,One Year,No Internet,No,Mailed Check,1,69.98,1843.49,2023-12-30,0,NA,2023-12
CUST0858,Male,41,0,Yes,East,36,One Year,Fiber Optic,Yes,Credit Card,1,67.48,2388.76,2023-05-18,0,NA,2023-05
CUST0859,Male,65,0,No,South,29,Month-to-Month,DSL,No,Mailed Check,1,78.99,2241.39,2023-04-04,1,Lack of Features,2023-04
CUST0860,Female,66,0,No,North,38,Month-to-Month,Fiber Optic,No,Credit Card,2,40.99,1522.91,2022-01-18,0,NA,2022-01
CUST0861,Male,42,0,No,East,57,Month-to-Month,DSL,Yes,Electronic Check,3,97.8,5531.5,2022-04-06,0,NA,2022-04
CUST0862,Female,19,0,No,North,27,Month-to-Month,Fiber Optic,Yes,Credit Card,2,47.84,1341.26,2022-10-29,1,Lack of Features,2022-10
CUST0863,Female,42,0,No,North,55,One Year,DSL,No,Bank Transfer,2,82.47,4514.73,2022-08-15,0,NA,2022-08
CUST0864,Male,31,0,No,North,33,Two Year,DSL,No,Credit Card,2,21.45,672.78,2023-02-19,0,NA,2023-02
CUST0865,Female,56,0,Yes,North,68,Two Year,No Internet,No,Bank Transfer,2,53.54,3614.82,2023-12-10,1,Better Price Elsewhere,2023-12
CUST0866,Male,68,0,No,South,66,One Year,Fiber Optic,Yes,Mailed Check,4,51.65,3452.51,2022-09-07,0,NA,2022-09
CUST0867,Male,50,0,Yes,South,10,One Year,Fiber Optic,No,Credit Card,1,68.91,691.12,2022-11-10,0,NA,2022-11
CUST0868,Male,34,0,No,South,5,One Year,Fiber Optic,No,Electronic Check,2,26.55,119.23,2023-11-11,1,Better Price Elsewhere,2023-11
CUST0869,Female,48,1,No,East,38,Month-to-Month,No Internet,No,Electronic Check,2,91.11,3499.52,2023-08-19,1,Financial Constraints,2023-08
CUST0870,Male,27,0,Yes,East,13,Two Year,DSL,No,Bank Transfer,1,39.6,504.3,2023-01-13,0,NA,2023-01
CUST0871,Male,23,0,Yes,East,31,One Year,DSL,No,Bank Transfer,2,80.93,2492.33,2023-04-30,0,NA,2023-04
CUST0872,Male,56,1,No,South,47,One Year,Fiber Optic,No,Credit Card,3,92.29,4308.36,2023-07-21,0,NA,2023-07
CUST0873,Female,42,0,Yes,North,52,Month-to-Month,Fiber Optic,No,Electronic Check,1,70.57,3657.42,2023-06-28,0,NA,2023-06
CUST0874,Female,55,0,Yes,South,56,Month-to-Month,Fiber Optic,No,Credit Card,1,86.68,4835.75,2022-12-19,0,NA,2022-12
CUST0875,Female,54,0,No,East,15,Month-to-Month,No Internet,Yes,Bank Transfer,1,79.57,1211.28,2023-03-12,0,NA,2023-03
CUST0876,Female,47,0,No,West,29,Two Year,DSL,No,Electronic Check,3,52.0,1486.96,2023-07-18,0,NA,2023-07
CUST0877,Male,51,0,No,East,8,One Year,No Internet,No,Mailed Check,3,92.8,750.12,2022-12-05,0,NA,2022-12
CUST0878,Male,35,0,No,North,5,Month-to-Month,Fiber Optic,Yes,Electronic Check,2,46.52,189.19,2022-12-27,0,NA,2022-12
CUST0879,Female,41,0,Yes,South,29,Two Year,DSL,No,Electronic Check,2,71.41,2040.02,2023-12-21,0,NA,2023-12
CUST0880,Male,66,0,No,West,47,Month-to-Month,DSL,Yes,Credit Card,3,87.09,4083.97,2023-04-10,0,NA,2023-04
CUST0881,Female,44,0,No,West,68,Month-to-Month,Fiber Optic,No,Bank Transfer,3,54.11,3723.17,2022-10-05,0,NA,2022-10
CUST0882,Male,44,0,No,North,45,Month-to-Month,No Internet,No,Bank Transfer,3,47.25,2113.98,2022-11-10,0,NA,2022-11
CUST0883,Male,56,0,No,South,2,One Year,No Internet,Yes,Credit Card,3,61.34,139.09,2022-09-15,0,NA,2022-09
CUST0884,Female,38,0,No,West,27,Two Year,No Internet,No,Mailed Check,2,93.62,2503.25,2022-08-25,1,Switched to Competitor,2022-08
CUST0885,Female,36,0,No,East,36,Month-to-Month,DSL,Yes,Credit Card,2,103.69,3695.54,2022-05-04,0,NA,2022-05
CUST0886,Male,56,0,Yes,North,36,Two Year,Fiber Optic,No,Mailed Check,3,69.06,2442.01,2022-07-17,1,Financial Constraints,2022-07
CUST0887,Female,40,0,Yes,West,26,Month-to-Month,Fiber Optic,No,Credit Card,4,79.53,2048.32,2022-11-20,0,NA,2022-11
CUST0888,Male,56,0,No,North,43,Two Year,No Internet,Yes,Electronic Check,1,101.29,4321.24,2022-05-03,0,NA,2022-05
CUST0889,Male,65,0,Yes,South,27,One Year,Fiber Optic,Yes,Credit Card,1,28.87,746.89,2023-07-03,1,Financial Constraints,2023-07
CUST0890,Male,61,1,No,South,69,Two Year,DSL,Yes,Electronic Check,4,40.89,2847.49,2023-12-08,0,NA,2023-12
CUST0891,Male,64,0,No,South,20,Month-to-Month,DSL,No,Electronic Check,1,83.8,1627.58,2022-07-09,1,Poor Customer Service,2022-07
CUST0892,Female,32,0,Yes,East,11,Two Year,DSL,No,Bank Transfer,3,94.14,1041.32,2022-07-16,1,Financial Constraints,2022-07
CUST0893,Male,60,0,No,West,38,One Year,No Internet,Yes,Mailed Check,2,97.13,3678.89,2022-08-10,0,NA,2022-08
CUST0894,Male,19,0,Yes,South,6,Month-to-Month,Fiber Optic,Yes,Bank Transfer,1,57.36,344.81,2023-05-11,0,NA,2023-05
CUST0895,Male,52,0,No,East,72,Two Year,Fiber Optic,Yes,Mailed Check,1,28.04,2025.16,2022-10-11,0,NA,2022-10
CUST0896,Female,68,0,No,South,23,Month-to-Month,Fiber Optic,No,Bank Transfer,1,59.4,1347.54,2023-08-27,0,NA,2023-08
CUST0897,Male,37,0,No,South,47,Two Year,DSL,No,Electronic Check,1,40.77,1895.7,2023-06-22,0,NA,2023-06
CUST0898,Female,45,0,No,West,46,Month-to-Month,Fiber Optic,Yes,Electronic Check,2,46.21,2149.0,2023-09-04,1,Lack of Features,2023-09
CUST0899,Female,32,0,Yes,East,12,One Year,Fiber Optic,No,Electronic Check,3,89.5,1111.13,2022-10-17,0,NA,2022-10
CUST0900,Female,33,0,No,South,13,One Year,No Internet,Yes,Mailed Check,4,26.8,317.66,2022-04-13,0,NA,2022-04
CUST0901,Female,50,0,No,East,62,Month-to-Month,No Internet,No,Electronic Check,2,94.48,5817.52,2022-07-18,1,Switched to Competitor,2022-07
CUST0902,Female,64,0,No,East,60,Month-to-Month,Fiber Optic,No,Mailed Check,2,58.49,3549.18,2022-10-31,0,NA,2022-10
CUST0903,Female,29,0,No,South,43,Month-to-Month,Fiber Optic,No,Mailed Check,2,73.65,3151.94,2022-08-21,0,NA,2022-08
CUST0904,Female,56,1,No,South,68,Month-to-Month,No Internet,No,Electronic Check,2,28.07,1913.89,2023-01-05,1,Moved Away,2023-01
CUST0905,Male,56,0,No,North,5,Month-to-Month,Fiber Optic,No,Bank Transfer,2,50.36,237.75,2022-07-03,1,Poor Customer Service,2022-07
CUST0906,Male,60,0,No,West,37,One Year,Fiber Optic,No,Credit Card,1,28.07,1001.17,2022-11-06,0,NA,2022-11
CUST0907,Female,37,0,Yes,South,72,Month-to-Month,Fiber Optic,No,Electronic Check,1,106.54,7679.81,2022-01-15,0,NA,2022-01
CUST0908,Female,46,0,No,North,31,Month-to-Month,DSL,Yes,Bank Transfer,1,92.65,2874.66,2023-12-27,1,Switched to Competitor,2023-12
CUST0909,Female,60,0,No,West,9,One Year,Fiber Optic,Yes,Bank Transfer,1,61.37,522.63,2023-07-01,0,NA,2023-07
CUST0910,Male,66,0,No,South,51,Month-to-Month,No Internet,Yes,Mailed Check,3,40.12,2041.31,2022-05-10,0,NA,2022-05
CUST0911,Female,20,0,Yes,East,29,Two Year,DSL,No,Bank Transfer,1,104.01,3045.98,2022-10-08,0,NA,2022-10
CUST0912,Male,65,0,No,West,40,Two Year,DSL,Yes,Mailed Check,3,51.01,2049.44,2022-02-16,1,Lack of Features,2022-02
CUST0913,Male,22,0,Yes,East,41,One Year,Fiber Optic,Yes,Mailed Check,4,34.49,1373.78,2022-02-25,0,NA,2022-02
CUST0914,Female,19,0,No,North,11,One Year,DSL,No,Electronic Check,4,70.68,782.28,2023-07-21,0,NA,2023-07
CUST0915,Male,40,0,No,South,23,Two Year,DSL,Yes,Bank Transfer,4,104.94,2433.89,2022-10-27,0,NA,2022-10
CUST0916,Female,43,0,No,North,1,Month-to-Month,DSL,No,Bank Transfer,1,20.34,49.61,2023-12-16,1,Financial Constraints,2023-12
CUST0917,Female,43,0,No,South,46,Month-to-Month,DSL,No,Electronic Check,2,41.43,1918.69,2022-05-10,1,Better Price Elsewhere,2022-05
CUST0918,Female,24,0,Yes,South,21,Month-to-Month,DSL,No,Mailed Check,1,104.46,2158.93,2023-10-16,1,Lack of Features,2023-10
CUST0919,Male,27,0,Yes,East,36,One Year,No Internet,No,Credit Card,3,35.4,1295.42,2023-05-18,0,NA,2023-05
CUST0920,Female,22,0,No,North,54,Month-to-Month,No Internet,No,Mailed Check,3,30.19,1647.99,2022-04-16,0,NA,2022-04
CUST0921,Male,64,1,Yes,East,57,One Year,DSL,No,Mailed Check,3,71.32,4017.68,2022-01-13,0,NA,2022-01
CUST0922,Female,29,0,No,East,1,Two Year,Fiber Optic,Yes,Credit Card,2,97.57,88.74,2023-08-11,1,Moved Away,2023-08
CUST0923,Female,49,0,Yes,East,63,Two Year,Fiber Optic,No,Bank Transfer,3,62.94,3948.52,2022-10-19,0,NA,2022-10
CUST0924,Female,59,0,No,North,54,One Year,Fiber Optic,Yes,Bank Transfer,1,109.51,5930.48,2023-04-26,0,NA,2023-04
CUST0925,Female,48,0,No,South,55,Month-to-Month,DSL,Yes,Credit Card,1,81.13,4433.76,2023-05-06,1,Financial Constraints,2023-05
CUST0926,Female,39,0,No,South,40,Two Year,Fiber Optic,No,Credit Card,3,26.67,1075.89,2023-03-28,0,NA,2023-03
CUST0927,Male,34,0,No,North,15,One Year,Fiber Optic,Yes,Mailed Check,2,109.35,1681.57,2022-12-15,0,NA,2022-12
CUST0928,Female,37,1,No,South,21,Month-to-Month,No Internet,Yes,Mailed Check,4,56.71,1220.69,2022-07-08,0,NA,2022-07
CUST0929,Female,37,0,No,North,47,Month-to-Month,No Internet,Yes,Mailed Check,1,45.87,2198.04,2022-02-22,0,NA,2022-02
CUST0930,Female,60,0,No,North,53,Two Year,No Internet,Yes,Credit Card,3,70.21,3768.98,2022-09-16,0,NA,2022-09
CUST0931,Male,25,0,No,South,9,One Year,Fiber Optic,Yes,Bank Transfer,2,47.39,377.58,2023-05-05,0,NA,2023-05
CUST0932,Female,64,0,No,West,52,Two Year,DSL,Yes,Electronic Check,3,27.78,1456.83,2022-04-27,0,NA,2022-04
CUST0933,Female,51,0,No,East,57,Two Year,Fiber Optic,No,Credit Card,3,20.13,1138.69,2022-03-08,0,NA,2022-03
CUST0934,Female,66,0,No,North,26,One Year,Fiber Optic,No,Mailed Check,4,60.46,1607.95,2023-02-15,0,NA,2023-02
CUST0935,Female,40,0,Yes,North,41,One Year,Fiber Optic,Yes,Electronic Check,1,95.32,3883.3,2023-05-19,0,NA,2023-05
CUST0936,Male,55,1,No,West,35,Month-to-Month,Fiber Optic,No,Mailed Check,4,71.51,2550.95,2022-03-17,1,Financial Constraints,2022-03
CUST0937,Female,45,0,No,North,63,Month-to-Month,Fiber Optic,Yes,Mailed Check,1,109.93,6936.96,2023-08-14,0,NA,2023-08
CUST0938,Male,30,0,Yes,North,25,Month-to-Month,No Internet,Yes,Credit Card,1,45.82,1174.85,2023-10-07,0,NA,2023-10
CUST0939,Male,46,1,Yes,South,38,One Year,Fiber Optic,Yes,Electronic Check,2,45.24,1677.68,2023-12-04,1,Better Price Elsewhere,2023-12
CUST0940,Male,25,0,No,South,2,One Year,DSL,No,Credit Card,3,34.38,37.11,2022-02-24,0,NA,2022-02
CUST0941,Male,28,1,No,West,7,Two Year,DSL,No,Mailed Check,2,34.77,269.23,2022-06-05,0,NA,2022-06
CUST0942,Female,64,1,No,North,34,Month-to-Month,Fiber Optic,No,Electronic Check,3,45.67,1504.98,2022-06-02,1,Better Price Elsewhere,2022-06
CUST0943,Female,62,1,No,East,17,One Year,DSL,No,Credit Card,3,91.36,1584.81,2023-07-31,0,NA,2023-07
CUST0944,Male,35,0,No,South,43,One Year,Fiber Optic,No,Mailed Check,1,101.52,4316.75,2022-11-08,0,NA,2022-11
CUST0945,Male,67,0,No,East,59,One Year,DSL,No,Electronic Check,4,107.76,6373.55,2022-03-29,1,Better Price Elsewhere,2022-03
CUST0946,Male,42,0,Yes,East,51,One Year,Fiber Optic,No,Mailed Check,1,40.91,2072.92,2022-09-12,0,NA,2022-09
CUST0947,Female,66,1,No,West,54,Month-to-Month,Fiber Optic,Yes,Credit Card,3,99.32,5374.43,2022-05-02,1,Poor Customer Service,2022-05
CUST0948,Male,39,0,Yes,West,24,One Year,Fiber Optic,Yes,Electronic Check,2,49.54,1208.56,2023-07-26,1,Lack of Features,2023-07
CUST0949,Male,62,0,Yes,North,25,Month-to-Month,DSL,No,Electronic Check,2,30.16,738.25,2023-03-03,1,Switched to Competitor,2023-03
CUST0950,Male,52,0,Yes,West,71,Month-to-Month,No Internet,No,Electronic Check,2,98.3,6940.1,2023-09-13,0,NA,2023-09
CUST0951,Male,46,0,No,South,52,Month-to-Month,Fiber Optic,Yes,Electronic Check,1,77.25,3973.96,2023-09-03,0,NA,2023-09
CUST0952,Male,38,0,Yes,North,70,One Year,DSL,Yes,Bank Transfer,2,34.83,2446.99,2023-09-26,0,NA,2023-09
CUST0953,Female,24,0,Yes,North,33,Two Year,DSL,No,Mailed Check,1,58.68,1938.51,2022-08-20,0,NA,2022-08
CUST0954,Male,29,0,No,East,49,One Year,No Internet,No,Electronic Check,1,45.85,2270.87,2023-06-20,0,NA,2023-06
CUST0955,Female,53,0,Yes,East,29,One Year,No Internet,Yes,Electronic Check,1,86.31,2503.96,2023-01-25,0,NA,2023-01
CUST0956,Female,41,1,No,East,63,One Year,DSL,No,Electronic Check,2,60.81,3823.27,2023-04-07,1,Lack of Features,2023-04
CUST0957,Female,49,0,No,North,22,One Year,DSL,No,Credit Card,3,109.04,2388.69,2023-03-30,0,NA,2023-03
CUST0958,Female,44,0,No,West,26,Month-to-Month,No Internet,No,Mailed Check,2,24.93,600.82,2022-11-01,1,Poor Customer Service,2022-11
CUST0959,Female,49,0,Yes,West,28,Month-to-Month,Fiber Optic,No,Credit Card,3,51.95,1438.16,2023-08-26,1,Financial Constraints,2023-08
CUST0960,Male,49,0,Yes,West,49,Month-to-Month,Fiber Optic,No,Mailed Check,2,63.37,3152.73,2023-03-16,0,NA,2023-03
CUST0961,Female,49,0,No,North,71,Month-to-Month,Fiber Optic,Yes,Electronic Check,3,65.28,4672.24,2022-11-09,0,NA,2022-11
CUST0962,Female,43,1,Yes,North,49,Month-to-Month,No Internet,Yes,Credit Card,3,48.43,2356.01,2023-08-06,0,NA,2023-08
CUST0963,Male,28,0,No,North,20,Month-to-Month,No Internet,No,Mailed Check,2,85.63,1721.38,2023-09-28,1,Better Price Elsewhere,2023-09
CUST0964,Female,63,0,Yes,North,63,Month-to-Month,Fiber Optic,No,Bank Transfer,3,98.73,6254.72,2022-03-03,0,NA,2022-03
CUST0965,Male,35,0,No,North,61,Two Year,DSL,Yes,Credit Card,1,104.48,6367.41,2023-09-17,0,NA,2023-09
CUST0966,Male,56,0,No,West,49,Month-to-Month,DSL,No,Electronic Check,3,92.46,4482.34,2022-04-12,0,NA,2022-04
CUST0967,Male,22,0,No,North,71,Month-to-Month,Fiber Optic,No,Electronic Check,3,96.55,6812.5,2022-08-01,0,NA,2022-08
CUST0968,Male,33,0,No,West,1,Month-to-Month,No Internet,Yes,Bank Transfer,1,69.55,70.59,2023-10-03,1,Better Price Elsewhere,2023-10
CUST0969,Male,28,0,No,North,13,One Year,Fiber Optic,Yes,Electronic Check,3,94.33,1273.23,2022-08-05,0,NA,2022-08
CUST0970,Female,52,0,No,West,51,Month-to-Month,Fiber Optic,Yes,Electronic Check,1,47.32,2432.64,2022-09-28,0,NA,2022-09
CUST0971,Male,65,0,No,South,56,Month-to-Month,DSL,No,Electronic Check,1,55.86,3085.25,2023-11-08,0,NA,2023-11
CUST0972,Male,28,0,No,South,62,One Year,DSL,No,Electronic Check,1,48.52,2977.18,2022-03-25,1,Lack of Features,2022-03
CUST0973,Female,59,0,Yes,West,32,Month-to-Month,Fiber Optic,No,Bank Transfer,3,62.06,2013.05,2022-06-10,0,NA,2022-06
CUST0974,Female,40,0,Yes,South,30,Month-to-Month,DSL,No,Electronic Check,3,45.7,1405.14,2022-09-03,0,NA,2022-09
CUST0975,Female,51,1,No,South,29,Month-to-Month,DSL,No,Mailed Check,3,106.55,3101.72,2022-06-27,0,NA,2022-06
CUST0976,Female,65,0,Yes,West,49,Month-to-Month,Fiber Optic,No,Bank Transfer,1,48.16,2374.28,2023-07-20,1,Switched to Competitor,2023-07
CUST0977,Male,34,0,No,North,45,Month-to-Month,Fiber Optic,No,Mailed Check,2,28.82,1249.73,2022-03-18,1,Switched to Competitor,2022-03
CUST0978,Female,27,1,Yes,North,30,Month-to-Month,DSL,No,Electronic Check,3,67.41,2055.15,2022-06-10,1,Better Price Elsewhere,2022-06
CUST0979,Male,35,0,No,West,16,Two Year,Fiber Optic,No,Bank Transfer,1,25.14,431.07,2022-01-03,0,NA,2022-01
CUST0980,Female,61,0,Yes,East,40,One Year,No Internet,Yes,Electronic Check,2,29.95,1173.9,2023-02-23,0,NA,2023-02
CUST0981,Female,25,0,No,East,19,One Year,No Internet,No,Bank Transfer,1,39.75,776.12,2023-04-07,0,NA,2023-04
CUST0982,Female,43,0,Yes,South,18,Month-to-Month,No Internet,Yes,Credit Card,1,61.79,1083.71,2023-12-07,0,NA,2023-12
CUST0983,Female,20,0,Yes,East,1,Two Year,Fiber Optic,No,Mailed Check,2,58.99,13.02,2023-09-01,1,Poor Customer Service,2023-09
CUST0984,Female,69,0,Yes,South,47,Month-to-Month,No Internet,No,Mailed Check,3,91.97,4292.7,2023-04-27,0,NA,2023-04
CUST0985,Male,41,0,No,North,66,Month-to-Month,Fiber Optic,Yes,Mailed Check,1,86.55,5680.16,2022-10-26,0,NA,2022-10
CUST0986,Male,20,0,Yes,West,38,One Year,Fiber Optic,Yes,Mailed Check,1,58.37,2201.83,2022-02-03,0,NA,2022-02
CUST0987,Male,55,1,No,North,51,Month-to-Month,Fiber Optic,No,Credit Card,1,50.03,2543.37,2022-08-26,0,NA,2022-08
CUST0988,Female,19,0,Yes,West,63,Month-to-Month,Fiber Optic,No,Credit Card,1,48.48,3055.09,2022-10-23,0,NA,2022-10
CUST0989,Male,52,0,Yes,East,4,One Year,DSL,Yes,Electronic Check,1,89.66,356.32,2023-12-25,1,Poor Customer Service,2023-12
CUST0990,Female,34,0,No,North,1,Two Year,DSL,No,Bank Transfer,2,24.69,1.76,2022-10-17,0,NA,2022-10
CUST0991,Female,26,0,No,North,8,Month-to-Month,Fiber Optic,Yes,Credit Card,3,21.15,122.12,2023-12-21,1,Financial Constraints,2023-12
CUST0992,Male,53,0,No,South,29,One Year,DSL,Yes,Credit Card,2,91.6,2666.91,2023-04-10,1,Poor Customer Service,2023-04
CUST0993,Male,39,1,No,West,55,Two Year,Fiber Optic,Yes,Mailed Check,3,62.94,3451.27,2022-03-14,0,NA,2022-03
CUST0994,Female,48,0,No,East,3,Month-to-Month,DSL,Yes,Mailed Check,3,31.78,75.21,2023-12-05,0,NA,2023-12
CUST0995,Female,51,0,No,North,32,Month-to-Month,Fiber Optic,No,Electronic Check,1,41.2,1355.09,2022-08-28,1,Better Price Elsewhere,2022-08
CUST0996,Male,41,0,No,West,10,Month-to-Month,No Internet,No,Credit Card,1,103.93,1063.97,2022-09-28,1,Switched to Competitor,2022-09
CUST0997,Female,26,0,No,East,34,Month-to-Month,No Internet,No,Electronic Check,3,97.36,3346.02,2023-10-03,1,Moved Away,2023-10
CUST0998,Male,63,0,No,North,55,Month-to-Month,DSL,No,Bank Transfer,1,83.88,4612.9,2023-08-27,1,Better Price Elsewhere,2023-08
CUST0999,Male,60,0,No,West,32,Two Year,Fiber Optic,Yes,Electronic Check,1,63.4,1991.89,2023-11-09,1,Switched to Competitor,2023-11
CUST1000,Female,19,0,No,South,50,One Year,Fiber Optic,No,Electronic Check,1,66.83,3361.12,2022-07-22,1,Switched to Competitor,2022-07
CUST1001,Female,38,0,Yes,North,7,One Year,No Internet,Yes,Mailed Check,2,107.77,725.0,2023-03-12,0,NA,2023-03
CUST1002,Female,51,0,Yes,West,8,Month-to-Month,Fiber Optic,No,Credit Card,2,106.92,849.48,2022-04-28,1,Financial Constraints,2022-04
CUST1003,Female,44,0,No,East,65,Two Year,Fiber Optic,No,Electronic Check,4,39.37,2515.55,2023-07-12,0,NA,2023-07
CUST1004,Male,54,0,No,East,57,Two Year,Fiber Optic,Yes,Bank Transfer,3,93.0,5333.53,2022-08-19,1,Poor Customer Service,2022-08
CUST1005,Female,24,0,No,South,67,Two Year,DSL,No,Electronic Check,2,37.75,2491.84,2023-10-26,0,NA,2023-10
CUST1006,Male,39,0,Yes,North,59,Month-to-Month,DSL,Yes,Electronic Check,2,39.22,2354.29,2022-06-02,0,NA,2022-06
CUST1007,Male,21,0,No,South,72,One Year,No Internet,Yes,Mailed Check,1,80.85,5857.62,2022-09-30,0,NA,2022-09
CUST1008,Female,31,0,Yes,West,54,Month-to-Month,Fiber Optic,Yes,Mailed Check,1,56.45,3044.76,2022-05-26,0,NA,2022-05
CUST1009,Male,51,0,No,East,67,Month-to-Month,Fiber Optic,Yes,Electronic Check,1,103.84,6981.72,2022-03-15,1,Switched to Competitor,2022-03
CUST1010,Female,40,1,Yes,South,51,Month-to-Month,No Internet,Yes,Electronic Check,1,28.01,1440.45,2022-03-03,1,Lack of Features,2022-03
CUST1011,Female,61,0,No,North,8,One Year,No Internet,Yes,Electronic Check,1,66.04,558.63,2022-06-19,1,Poor Customer Service,2022-06
CUST1012,Male,59,1,No,West,34,One Year,Fiber Optic,No,Electronic Check,1,102.67,3483.96,2022-11-11,1,Switched to Competitor,2022-11
CUST1013,Male,42,0,Yes,North,35,Month-to-Month,DSL,Yes,Credit Card,2,101.37,3576.53,2023-09-02,1,Switched to Competitor,2023-09
CUST1014,Male,18,0,No,South,32,Month-to-Month,Fiber Optic,No,Credit Card,4,34.09,1087.13,2023-08-06,0,NA,2023-08
CUST1015,Female,68,1,No,East,46,Month-to-Month,No Internet,No,Electronic Check,2,53.0,2482.1,2022-10-23,0,NA,2022-10
CUST1016,Female,65,0,Yes,East,16,Month-to-Month,Fiber Optic,No,Bank Transfer,4,75.72,1210.16,2023-03-26,0,NA,2023-03
CUST1017,Male,32,0,No,South,68,Month-to-Month,No Internet,Yes,Credit Card,2,34.35,2332.06,2022-05-08,1,Poor Customer Service,2022-05
CUST1018,Female,49,0,No,North,37,Month-to-Month,DSL,Yes,Electronic Check,2,107.12,3991.95,2023-04-25,1,Better Price Elsewhere,2023-04
CUST1019,Female,31,1,No,North,54,One Year,DSL,No,Credit Card,2,102.33,5557.98,2023-12-07,0,NA,2023-12
CUST1020,Male,58,1,Yes,North,14,Month-to-Month,Fiber Optic,No,Credit Card,1,35.03,495.87,2022-11-08,0,NA,2022-11
CUST1021,Female,38,0,No,North,55,Month-to-Month,DSL,No,Electronic Check,1,30.9,1667.48,2023-12-18,0,NA,2023-12
CUST1022,Male,64,0,No,East,48,Month-to-Month,Fiber Optic,Yes,Electronic Check,4,27.69,1325.9,2023-02-17,1,Moved Away,2023-02
CUST1023,Male,24,0,No,North,7,Two Year,Fiber Optic,No,Credit Card,4,101.85,759.76,2022-10-06,0,NA,2022-10
CUST1024,Male,53,0,No,South,7,One Year,DSL,Yes,Mailed Check,1,37.43,287.31,2023-05-28,0,NA,2023-05
CUST1025,Female,38,1,No,South,33,One Year,No Internet,No,Electronic Check,1,57.47,1927.63,2023-07-07,0,NA,2023-07
CUST1026,Male,67,0,Yes,South,23,Month-to-Month,DSL,No,Electronic Check,2,60.4,1342.48,2023-05-21,1,Lack of Features,2023-05
CUST1027,Male,57,0,Yes,South,19,One Year,DSL,Yes,Mailed Check,1,73.91,1401.08,2023-03-25,0,NA,2023-03
CUST1028,Male,29,0,No,North,19,Month-to-Month,Fiber Optic,No,Bank Transfer,2,26.46,517.4,2022-03-24,1,Better Price Elsewhere,2022-03
CUST1029,Male,32,0,No,East,36,One Year,Fiber Optic,Yes,Bank Transfer,1,40.41,1487.76,2023-09-05,0,NA,2023-09
CUST1030,Female,32,1,Yes,West,29,Two Year,Fiber Optic,No,Credit Card,2,103.83,2966.0,2022-02-10,1,Financial Constraints,2022-02
CUST1031,Male,34,0,Yes,North,60,One Year,DSL,No,Electronic Check,1,101.76,6140.84,2023-03-19,1,Financial Constraints,2023-03
CUST1032,Female,51,0,No,West,2,Two Year,No Internet,No,Mailed Check,2,90.32,185.48,2022-11-27,1,Moved Away,2022-11
CUST1033,Male,61,1,No,East,1,One Year,DSL,Yes,Mailed Check,1,21.75,-8.52,2023-09-11,0,NA,2023-09
CUST1034,Female,52,0,Yes,North,47,Month-to-Month,Fiber Optic,Yes,Mailed Check,2,49.43,2304.94,2022-09-14,0,NA,2022-09
CUST1035,Female,56,0,Yes,West,69,Two Year,Fiber Optic,No,Electronic Check,4,76.52,5258.07,2022-01-27,0,NA,2022-01
CUST1036,Female,55,0,No,East,20,Month-to-Month,DSL,No,Credit Card,2,44.77,898.49,2022-04-04,1,Moved Away,2022-04
CUST1037,Female,31,0,No,West,11,One Year,Fiber Optic,No,Credit Card,3,101.86,1075.63,2022-08-23,0,NA,2022-08
CUST1038,Male,22,0,No,South,2,Month-to-Month,No Internet,Yes,Mailed Check,3,77.05,119.95,2023-11-22,1,Poor Customer Service,2023-11
CUST1039,Male,47,1,No,South,67,Month-to-Month,No Internet,Yes,Bank Transfer,4,26.47,1804.76,2023-08-13,0,NA,2023-08
CUST1040,Female,21,0,No,East,12,Month-to-Month,DSL,No,Electronic Check,3,101.81,1184.98,2023-08-25,1,Moved Away,2023-08
CUST1041,Female,32,1,No,East,20,Month-to-Month,Fiber Optic,No,Mailed Check,3,106.2,2097.34,2022-01-22,0,NA,2022-01
CUST1042,Female,56,0,No,West,5,Month-to-Month,Fiber Optic,No,Bank Transfer,3,26.99,130.29,2023-11-20,1,Moved Away,2023-11
CUST1043,Male,52,0,Yes,East,37,One Year,Fiber Optic,No,Mailed Check,1,67.91,2514.38,2022-10-03,0,NA,2022-10
CUST1044,Female,62,0,No,South,38,Month-to-Month,Fiber Optic,No,Credit Card,2,47.3,1823.76,2023-08-14,1,Lack of Features,2023-08
CUST1045,Female,27,0,No,South,9,Month-to-Month,Fiber Optic,Yes,Bank Transfer,4,55.36,492.97,2022-02-11,1,Financial Constraints,2022-02
CUST1046,Male,19,0,No,North,53,One Year,DSL,Yes,Mailed Check,3,36.17,1946.0,2022-06-29,0,NA,2022-06
CUST1047,Male,61,1,No,West,44,Month-to-Month,DSL,No,Bank Transfer,4,72.03,3181.15,2023-04-27,0,NA,2023-04
CUST1048,Male,41,0,No,East,24,One Year,Fiber Optic,No,Electronic Check,3,106.22,2510.59,2023-06-16,1,Switched to Competitor,2023-06
CUST1049,Male,45,0,No,East,30,One Year,Fiber Optic,No,Mailed Check,3,65.28,1924.03,2023-10-30,0,NA,2023-10
CUST1050,Male,39,0,Yes,East,59,Two Year,Fiber Optic,No,Mailed Check,3,27.46,1613.84,2023-03-29,0,NA,2023-03
CUST1051,Male,61,0,No,West,14,One Year,Fiber Optic,Yes,Mailed Check,3,75.8,1050.89,2022-10-12,0,NA,2022-10
CUST1052,Female,49,0,No,South,9,Month-to-Month,No Internet,Yes,Bank Transfer,2,50.62,479.93,2022-07-05,0,NA,2022-07
CUST1053,Female,48,0,No,East,40,One Year,Fiber Optic,No,Mailed Check,4,97.03,3889.27,2023-08-23,0,NA,2023-08
CUST1054,Male,36,0,No,East,66,Month-to-Month,Fiber Optic,No,Credit Card,3,59.12,3890.73,2023-03-23,1,Lack of Features,2023-03
CUST1055,Female,68,0,No,South,25,Month-to-Month,Fiber Optic,No,Bank Transfer,3,37.36,901.08,2023-10-13,1,Switched to Competitor,2023-10
CUST1056,Male,38,0,No,East,22,One Year,No Internet,No,Mailed Check,3,37.2,791.08,2023-05-19,0,NA,2023-05
CUST1057,Female,20,0,Yes,North,4,Month-to-Month,DSL,No,Credit Card,2,89.19,364.31,2022-04-04,0,NA,2022-04
CUST1058,Male,23,0,Yes,South,26,One Year,Fiber Optic,Yes,Electronic Check,1,43.9,1133.74,2023-04-27,0,NA,2023-04
CUST1059,Male,49,0,No,South,58,Two Year,DSL,No,Electronic Check,4,89.05,5166.39,2022-12-23,0,NA,2022-12
CUST1060,Female,19,0,No,South,29,Two Year,DSL,No,Mailed Check,2,38.53,1084.44,2023-02-23,0,NA,2023-02
CUST1061,Female,41,0,No,North,37,Two Year,No Internet,No,Electronic Check,1,48.95,1827.44,2022-12-08,0,NA,2022-12
CUST1062,Male,62,1,No,South,70,Month-to-Month,Fiber Optic,No,Electronic Check,1,61.89,4367.55,2022-11-25,0,NA,2022-11
CUST1063,Male,44,0,Yes,West,18,Month-to-Month,No Internet,Yes,Bank Transfer,3,104.89,1863.81,2023-11-18,0,NA,2023-11
CUST1064,Male,26,0,No,West,42,One Year,No Internet,Yes,Mailed Check,3,103.86,4361.27,2022-04-18,1,Better Price Elsewhere,2022-04
CUST1065,Male,30,1,Yes,West,41,Month-to-Month,No Internet,Yes,Mailed Check,3,38.62,1630.97,2022-06-14,0,NA,2022-06
CUST1066,Male,31,0,No,South,38,One Year,DSL,Yes,Credit Card,2,52.24,1968.44,2022-12-04,0,NA,2022-12
CUST1067,Male,68,0,No,South,34,One Year,DSL,No,Bank Transfer,2,33.45,1146.8,2023-02-26,1,Better Price Elsewhere,2023-02
CUST1068,Female,28,0,No,South,17,One Year,Fiber Optic,No,Credit Card,2,65.9,1079.32,2023-12-12,0,NA,2023-12
CUST1069,Female,31,0,Yes,North,37,Month-to-Month,DSL,No,Electronic Check,1,61.45,2284.25,2023-05-23,1,Better Price Elsewhere,2023-05
CUST1070,Female,33,0,Yes,West,25,Month-to-Month,DSL,No,Mailed Check,3,101.07,2485.71,2022-10-23,1,Better Price Elsewhere,2022-10
CUST1071,Female,27,0,No,East,27,Month-to-Month,DSL,Yes,Credit Card,1,103.7,2845.82,2023-11-10,0,NA,2023-11
CUST1072,Female,37,0,No,East,57,Month-to-Month,Fiber Optic,No,Bank Transfer,2,54.52,3129.21,2023-02-15,0,NA,2023-02
CUST1073,Male,33,0,No,South,31,Two Year,DSL,Yes,Bank Transfer,2,64.26,2020.88,2023-07-18,0,NA,2023-07
CUST1074,Male,51,0,Yes,North,6,Month-to-Month,No Internet,Yes,Mailed Check,2,100.66,624.37,2022-02-07,0,NA,2022-02
CUST1075,Female,33,0,No,South,40,Month-to-Month,Fiber Optic,No,Electronic Check,4,92.6,3712.97,2023-04-11,0,NA,2023-04
CUST1076,Male,31,0,No,East,12,Month-to-Month,No Internet,No,Mailed Check,1,20.33,238.95,2022-04-01,1,Moved Away,2022-04
CUST1077,Female,45,0,No,West,53,One Year,DSL,No,Mailed Check,3,48.81,2622.77,2022-11-19,0,NA,2022-11
CUST1078,Female,35,0,No,East,71,One Year,No Internet,Yes,Credit Card,1,57.96,4160.84,2022-09-16,0,NA,2022-09
CUST1079,Male,43,0,Yes,West,10,Month-to-Month,Fiber Optic,No,Electronic Check,1,40.67,406.6,2022-11-28,1,Switched to Competitor,2022-11
CUST1080,Male,55,0,No,West,45,Month-to-Month,Fiber Optic,Yes,Credit Card,2,37.96,1751.35,2022-04-29,1,Switched to Competitor,2022-04
CUST1081,Female,24,0,No,North,17,Month-to-Month,No Internet,Yes,Credit Card,1,23.4,406.13,2023-02-18,0,NA,2023-02
CUST1082,Female,62,0,No,East,26,Month-to-Month,Fiber Optic,No,Electronic Check,3,77.9,2029.24,2023-06-11,1,Moved Away,2023-06
CUST1083,Female,51,1,No,South,62,One Year,No Internet,No,Mailed Check,2,43.63,2700.51,2022-01-02,0,NA,2022-01
CUST1084,Female,64,0,No,North,46,One Year,DSL,No,Credit Card,1,24.71,1107.59,2023-11-05,0,NA,2023-11
CUST1085,Male,66,1,Yes,West,64,Month-to-Month,DSL,No,Credit Card,1,40.79,2560.93,2023-07-10,0,NA,2023-07
CUST1086,Female,62,0,No,East,2,Month-to-Month,Fiber Optic,No,Mailed Check,2,92.17,158.49,2023-04-19,1,Poor Customer Service,2023-04
CUST1087,Male,24,0,No,South,54,Two Year,DSL,No,Electronic Check,3,96.63,5218.99,2023-02-28,0,NA,2023-02
CUST1088,Female,50,0,No,North,65,Month-to-Month,Fiber Optic,No,Mailed Check,2,63.48,4114.2,2022-02-25,0,NA,2022-02
CUST1089,Female,52,0,Yes,South,51,One Year,Fiber Optic,No,Bank Transfer,2,57.45,2924.8,2022-07-12,0,NA,2022-07
CUST1090,Male,69,1,No,East,53,Month-to-Month,Fiber Optic,No,Electronic Check,3,108.01,5772.59,2023-06-15,1,Switched to Competitor,2023-06
CUST1091,Male,67,0,Yes,South,36,Month-to-Month,Fiber Optic,No,Bank Transfer,2,38.05,1354.83,2023-01-06,0,NA,2023-01
CUST1092,Male,56,0,Yes,North,26,Month-to-Month,No Internet,Yes,Electronic Check,1,39.38,1019.1,2023-09-30,1,Lack of Features,2023-09
CUST1093,Male,38,0,No,South,29,One Year,No Internet,No,Electronic Check,2,46.27,1305.18,2023-05-26,1,Financial Constraints,2023-05
CUST1094,Male,66,1,No,East,21,Two Year,Fiber Optic,No,Mailed Check,2,35.55,701.35,2023-10-03,1,Lack of Features,2023-10
CUST1095,Female,45,0,No,North,11,Month-to-Month,DSL,Yes,Mailed Check,3,54.14,623.08,2023-03-29,0,NA,2023-03
CUST1096,Female,49,0,No,West,40,Month-to-Month,Fiber Optic,No,Electronic Check,2,101.98,4086.27,2022-02-22,1,Better Price Elsewhere,2022-02
CUST1097,Female,61,0,No,North,11,Month-to-Month,DSL,Yes,Mailed Check,4,75.38,855.25,2022-07-28,1,Financial Constraints,2022-07
CUST1098,Male,33,0,No,East,36,Month-to-Month,No Internet,No,Electronic Check,1,57.08,2019.87,2022-10-01,0,NA,2022-10
CUST1099,Male,27,0,No,South,59,Month-to-Month,No Internet,No,Electronic Check,4,104.1,6149.08,2023-07-17,0,NA,2023-07
CUST1100,Male,40,1,Yes,West,39,Month-to-Month,Fiber Optic,Yes,Electronic Check,2,24.36,925.4,2022-05-15,1,Lack of Features,2022-05
CUST1101,Female,65,0,No,West,54,One Year,No Internet,No,Credit Card,3,38.92,2074.49,2022-10-22,0,NA,2022-10
CUST1102,Male,69,0,No,South,55,Month-to-Month,Fiber Optic,No,Mailed Check,1,70.93,3852.3,2023-03-25,0,NA,2023-03
CUST1103,Female,67,0,No,East,24,Month-to-Month,No Internet,No,Mailed Check,2,75.4,1772.63,2023-12-17,0,NA,2023-12
CUST1104,Female,32,0,No,North,22,Two Year,Fiber Optic,Yes,Bank Transfer,3,23.56,499.25,2023-05-12,0,NA,2023-05
CUST1105,Female,60,0,Yes,East,69,Month-to-Month,DSL,No,Credit Card,3,56.27,3844.32,2022-05-05,0,NA,2022-05
CUST1106,Male,67,1,No,West,56,Two Year,DSL,No,Electronic Check,1,78.42,4440.11,2022-01-30,0,NA,2022-01
CUST1107,Female,23,0,Yes,North,33,Month-to-Month,DSL,No,Bank Transfer,2,82.83,2714.25,2023-10-08,1,Better Price Elsewhere,2023-10
CUST1108,Female,50,1,No,North,36,Two Year,Fiber Optic,No,Bank Transfer,1,77.43,2750.51,2023-09-16,1,Financial Constraints,2023-09
CUST1109,Female,56,0,Yes,South,20,One Year,No Internet,No,Bank Transfer,4,48.85,946.91,2022-09-03,0,NA,2022-09
CUST1110,Male,29,0,No,East,62,Two Year,Fiber Optic,No,Electronic Check,3,28.42,1770.81,2023-12-28,0,NA,2023-12
CUST1111,Female,69,0,No,North,26,Two Year,DSL,No,Bank Transfer,1,58.44,1475.84,2022-06-12,0,NA,2022-06
CUST1112,Male,53,0,No,South,66,Month-to-Month,Fiber Optic,Yes,Electronic Check,3,31.59,2121.18,2022-11-15,0,NA,2022-11
CUST1113,Male,48,0,No,East,40,Two Year,Fiber Optic,No,Bank Transfer,4,105.29,4257.75,2023-07-19,0,NA,2023-07
CUST1114,Female,27,0,No,West,17,Month-to-Month,DSL,No,Bank Transfer,2,62.77,1041.76,2022-01-15,1,Poor Customer Service,2022-01
CUST1115,Female,51,0,No,West,1,Month-to-Month,Fiber Optic,No,Electronic Check,3,48.55,43.56,2023-07-20,1,Lack of Features,2023-07
CUST1116,Male,58,0,No,East,61,Month-to-Month,Fiber Optic,Yes,Credit Card,2,88.97,5379.38,2023-02-22,0,NA,2023-02
CUST1117,Female,27,1,No,North,43,One Year,Fiber Optic,Yes,Electronic Check,3,64.82,2801.33,2022-04-06,0,NA,2022-04
CUST1118,Male,69,0,No,North,42,Month-to-Month,Fiber Optic,Yes,Credit Card,2,47.9,2003.19,2022-08-19,0,NA,2022-08
CUST1119,Male,28,1,Yes,West,25,One Year,DSL,Yes,Mailed Check,2,93.08,2304.01,2022-04-27,1,Financial Constraints,2022-04
CUST1120,Male,31,0,No,West,39,One Year,No Internet,No,Electronic Check,2,98.04,3794.24,2023-04-18,1,Lack of Features,2023-04
CUST1121,Female,20,0,Yes,North,35,One Year,Fiber Optic,Yes,Electronic Check,1,80.57,2835.35,2022-05-01,0,NA,2022-05
CUST1122,Male,50,0,No,East,3,Two Year,Fiber Optic,No,Credit Card,3,24.23,64.31,2023-10-26,0,NA,2023-10
CUST1123,Male,24,0,No,West,44,Month-to-Month,Fiber Optic,Yes,Electronic Check,2,70.97,3090.65,2022-06-07,0,NA,2022-06
CUST1124,Female,21,0,No,North,51,Month-to-Month,Fiber Optic,Yes,Electronic Check,2,88.7,4542.61,2023-05-26,1,Switched to Competitor,2023-05
CUST1125,Female,56,0,No,East,12,Month-to-Month,DSL,No,Mailed Check,3,32.29,393.99,2022-10-26,0,NA,2022-10
CUST1126,Male,65,0,No,South,19,Month-to-Month,DSL,Yes,Bank Transfer,2,40.58,806.89,2023-06-06,0,NA,2023-06
CUST1127,Male,27,0,Yes,East,44,Month-to-Month,Fiber Optic,No,Mailed Check,2,99.42,4336.23,2023-12-24,0,NA,2023-12
CUST1128,Male,32,0,No,North,59,Month-to-Month,Fiber Optic,Yes,Electronic Check,4,21.81,1315.36,2022-10-07,0,NA,2022-10
CUST1129,Female,33,0,Yes,East,49,Month-to-Month,Fiber Optic,No,Electronic Check,3,87.75,4317.1,2023-03-02,1,Financial Constraints,2023-03
CUST1130,Male,55,0,No,North,61,Two Year,No Internet,No,Electronic Check,1,62.64,3782.54,2023-05-10,0,NA,2023-05
CUST1131,Male,21,0,Yes,West,17,One Year,No Internet,No,Electronic Check,2,60.21,1043.05,2023-04-29,0,NA,2023-04
CUST1132,Female,21,0,No,South,57,Month-to-Month,Fiber Optic,Yes,Mailed Check,4,20.64,1170.63,2022-09-07,0,NA,2022-09
CUST1133,Female,53,0,No,West,55,One Year,Fiber Optic,No,Bank Transfer,2,93.75,5200.75,2023-04-13,0,NA,2023-04
CUST1134,Male,44,0,Yes,West,47,Month-to-Month,No Internet,No,Electronic Check,2,52.38,2426.02,2023-07-19,0,NA,2023-07
CUST1135,Female,39,0,No,North,12,Month-to-Month,No Internet,No,Mailed Check,1,68.67,838.32,2022-05-29,1,Financial Constraints,2022-05
CUST1136,Male,39,0,No,North,62,One Year,Fiber Optic,No,Mailed Check,1,80.96,5007.72,2023-01-28,0,NA,2023-01
CUST1137,Male,34,0,No,North,8,Month-to-Month,Fiber Optic,Yes,Credit Card,3,83.24,711.6,2022-07-15,1,Financial Constraints,2022-07
CUST1138,Female,62,0,No,North,21,Month-to-Month,Fiber Optic,No,Credit Card,3,106.04,2209.84,2023-09-06,1,Switched to Competitor,2023-09
CUST1139,Male,51,0,Yes,West,70,Two Year,DSL,Yes,Credit Card,4,67.82,4793.62,2023-06-05,0,NA,2023-06
CUST1140,Male,49,0,Yes,North,72,Two Year,Fiber Optic,Yes,Electronic Check,3,55.97,4069.99,2022-05-20,0,NA,2022-05
CUST1141,Female,69,0,No,North,25,One Year,Fiber Optic,No,Electronic Check,1,105.83,2622.79,2022-03-13,0,NA,2022-03
CUST1142,Male,23,0,No,West,12,One Year,DSL,Yes,Electronic Check,1,77.79,963.83,2022-10-10,0,NA,2022-10
CUST1143,Female,50,0,No,South,15,One Year,Fiber Optic,Yes,Electronic Check,4,46.83,752.01,2023-03-01,0,NA,2023-03
CUST1144,Male,25,0,Yes,South,59,Month-to-Month,No Internet,Yes,Mailed Check,2,31.38,1826.69,2022-12-15,0,NA,2022-12
CUST1145,Female,67,0,Yes,East,26,Month-to-Month,Fiber Optic,No,Bank Transfer,2,95.83,2485.26,2023-06-04,1,Better Price Elsewhere,2023-06
CUST1146,Female,53,0,No,West,26,Month-to-Month,Fiber Optic,No,Credit Card,4,52.6,1369.62,2022-10-01,0,NA,2022-10
CUST1147,Female,22,0,Yes,North,47,Month-to-Month,DSL,No,Credit Card,2,79.44,3713.17,2022-01-03,1,Moved Away,2022-01
CUST1148,Female,22,0,No,East,32,One Year,Fiber Optic,Yes,Mailed Check,1,62.37,1947.37,2022-10-17,0,NA,2022-10
CUST1149,Female,64,0,Yes,South,10,Month-to-Month,No Internet,No,Bank Transfer,3,37.9,351.01,2022-11-02,0,NA,2022-11
CUST1150,Female,27,1,Yes,South,16,Two Year,DSL,No,Electronic Check,4,74.15,1164.59,2023-08-25,1,Moved Away,2023-08
CUST1151,Male,57,1,No,West,71,Two Year,Fiber Optic,No,Electronic Check,1,25.46,1802.02,2023-08-17,1,Moved Away,2023-08
CUST1152,Male,24,0,No,North,17,One Year,DSL,Yes,Bank Transfer,3,57.2,939.51,2023-11-07,0,NA,2023-11
CUST1153,Female,29,0,No,North,23,One Year,Fiber Optic,No,Electronic Check,2,69.2,1628.93,2023-05-17,0,NA,2023-05
CUST1154,Male,47,0,Yes,East,26,Two Year,No Internet,No,Mailed Check,2,59.24,1560.73,2022-06-02,0,NA,2022-06
CUST1155,Female,42,0,No,South,7,Month-to-Month,Fiber Optic,Yes,Electronic Check,4,87.38,570.18,2023-04-03,1,Financial Constraints,2023-04
CUST1156,Female,45,0,No,East,14,One Year,DSL,Yes,Bank Transfer,4,94.51,1338.15,2023-07-06,0,NA,2023-07
CUST1157,Male,60,1,No,East,7,Month-to-Month,Fiber Optic,Yes,Bank Transfer,1,89.41,641.24,2023-05-11,0,NA,2023-05
CUST1158,Female,30,0,No,East,9,One Year,Fiber Optic,No,Electronic Check,1,23.49,257.03,2022-12-20,1,Better Price Elsewhere,2022-12
CUST1159,Male,64,0,No,North,48,Month-to-Month,No Internet,Yes,Credit Card,1,37.47,1748.86,2022-12-07,0,NA,2022-12
CUST1160,Female,66,0,No,South,72,Two Year,No Internet,No,Electronic Check,2,68.29,4891.67,2023-07-20,0,NA,2023-07
CUST1161,Female,39,0,No,East,59,Two Year,Fiber Optic,Yes,Mailed Check,1,104.13,6186.45,2023-07-11,0,NA,2023-07
CUST1162,Male,35,1,No,South,39,Month-to-Month,Fiber Optic,No,Bank Transfer,2,95.15,3754.06,2023-01-22,1,Poor Customer Service,2023-01
CUST1163,Female,44,1,Yes,South,18,Month-to-Month,No Internet,Yes,Bank Transfer,1,95.83,1747.0,2023-04-12,0,NA,2023-04
CUST1164,Female,25,0,No,East,59,Two Year,No Internet,No,Credit Card,2,47.29,2816.69,2022-11-26,0,NA,2022-11
CUST1165,Female,23,0,No,East,17,Month-to-Month,Fiber Optic,No,Electronic Check,1,58.65,956.2,2022-07-13,1,Better Price Elsewhere,2022-07
CUST1166,Male,28,0,No,West,14,Two Year,DSL,Yes,Bank Transfer,3,62.36,874.43,2023-12-16,0,NA,2023-12
CUST1167,Male,46,0,No,North,31,One Year,Fiber Optic,No,Bank Transfer,1,34.16,1032.12,2022-09-02,0,NA,2022-09
CUST1168,Male,58,0,No,South,24,Month-to-Month,No Internet,Yes,Credit Card,2,22.8,515.32,2023-08-09,1,Lack of Features,2023-08
CUST1169,Male,22,0,No,East,60,Month-to-Month,Fiber Optic,No,Electronic Check,3,105.22,6344.23,2023-01-28,1,Financial Constraints,2023-01
CUST1170,Male,24,0,Yes,East,45,Month-to-Month,Fiber Optic,No,Bank Transfer,3,41.66,1838.2,2022-08-28,0,NA,2022-08
CUST1171,Female,39,0,No,South,3,One Year,DSL,Yes,Mailed Check,1,41.6,121.67,2023-02-25,1,Financial Constraints,2023-02
CUST1172,Male,64,0,No,East,37,Month-to-Month,Fiber Optic,Yes,Electronic Check,1,27.5,1061.36,2022-02-14,0,NA,2022-02
CUST1173,Male,21,0,No,West,43,One Year,DSL,Yes,Mailed Check,3,103.57,4422.09,2022-11-22,0,NA,2022-11
CUST1174,Female,49,1,No,South,40,Month-to-Month,DSL,No,Electronic Check,2,72.18,2935.0,2023-04-30,0,NA,2023-04
CUST1175,Female,36,1,Yes,East,55,One Year,Fiber Optic,No,Bank Transfer,3,80.03,4451.08,2023-12-24,1,Poor Customer Service,2023-12
CUST1176,Male,62,1,No,South,39,Two Year,Fiber Optic,No,Credit Card,2,102.04,3985.12,2023-01-26,0,NA,2023-01
CUST1177,Female,50,0,Yes,East,15,Two Year,DSL,Yes,Mailed Check,2,51.11,733.66,2023-01-31,0,NA,2023-01
CUST1178,Female,18,0,No,East,4,Month-to-Month,Fiber Optic,Yes,Bank Transfer,2,75.94,285.37,2023-11-11,1,Better Price Elsewhere,2023-11
CUST1179,Female,63,0,No,North,25,Two Year,DSL,No,Mailed Check,3,23.49,579.7,2023-10-30,0,NA,2023-10
CUST1180,Male,58,0,No,South,13,One Year,No Internet,Yes,Electronic Check,4,36.81,459.46,2022-06-05,1,Lack of Features,2022-06
CUST1181,Female,61,0,No,North,33,One Year,DSL,No,Electronic Check,1,94.81,3106.79,2023-05-23,1,Moved Away,2023-05
CUST1182,Female,67,0,No,East,16,Two Year,Fiber Optic,Yes,Mailed Check,2,89.01,1471.38,2022-02-07,0,NA,2022-02
CUST1183,Male,58,0,No,South,42,Month-to-Month,Fiber Optic,Yes,Electronic Check,1,51.56,2130.86,2022-05-10,1,Switched to Competitor,2022-05
CUST1184,Female,25,1,No,South,66,Month-to-Month,Fiber Optic,No,Electronic Check,2,53.91,3581.39,2023-05-30,1,Moved Away,2023-05
CUST1185,Female,49,0,No,West,55,Two Year,Fiber Optic,No,Mailed Check,3,68.02,3691.14,2023-08-28,0,NA,2023-08
CUST1186,Male,47,0,Yes,West,42,Month-to-Month,Fiber Optic,No,Electronic Check,2,20.02,850.46,2022-12-06,0,NA,2022-12
CUST1187,Male,63,0,No,East,34,Two Year,DSL,Yes,Electronic Check,4,41.71,1459.73,2022-04-13,1,Moved Away,2022-04
CUST1188,Male,45,0,No,East,30,Two Year,Fiber Optic,Yes,Mailed Check,2,38.74,1140.99,2023-03-27,0,NA,2023-03
CUST1189,Female,58,1,Yes,East,13,Month-to-Month,Fiber Optic,No,Electronic Check,4,42.54,521.57,2022-04-13,0,NA,2022-04
CUST1190,Male,69,0,No,East,13,Two Year,Fiber Optic,No,Credit Card,3,92.53,1218.06,2023-06-23,0,NA,2023-06
CUST1191,Male,49,1,No,West,18,Month-to-Month,DSL,No,Credit Card,1,45.17,834.32,2023-04-13,0,NA,2023-04
CUST1192,Female,42,0,No,South,32,One Year,Fiber Optic,Yes,Bank Transfer,1,37.24,1210.48,2022-01-16,1,Moved Away,2022-01
CUST1193,Female,51,0,No,North,39,One Year,DSL,No,Electronic Check,2,65.38,2531.75,2022-05-28,0,NA,2022-05
CUST1194,Female,50,0,No,South,46,Two Year,Fiber Optic,No,Bank Transfer,1,97.91,4479.08,2023-02-24,0,NA,2023-02
CUST1195,Female,30,0,No,South,29,Month-to-Month,No Internet,No,Credit Card,2,41.72,1255.47,2023-11-02,1,Financial Constraints,2023-11
CUST1196,Female,42,0,Yes,West,62,Month-to-Month,No Internet,No,Bank Transfer,2,27.07,1720.67,2022-06-08,0,NA,2022-06
CUST1197,Male,59,0,No,South,62,One Year,Fiber Optic,No,Electronic Check,4,52.08,3224.69,2022-03-18,0,NA,2022-03
CUST1198,Male,57,0,No,South,57,One Year,Fiber Optic,No,Bank Transfer,2,87.29,5010.15,2023-04-26,1,Lack of Features,2023-04
CUST1199,Male,56,0,No,East,16,One Year,Fiber Optic,No,Credit Card,3,69.56,1108.19,2022-09-29,0,NA,2022-09
CUST1200,Female,61,0,Yes,North,56,Month-to-Month,Fiber Optic,No,Bank Transfer,4,93.51,5229.0,2022-12-13,1,Financial Constraints,2022-12
CUST1201,Male,66,1,Yes,South,10,Month-to-Month,DSL,No,Bank Transfer,3,106.36,1029.28,2023-10-01,1,Better Price Elsewhere,2023-10
CUST1202,Female,61,0,Yes,South,30,Month-to-Month,No Internet,No,Mailed Check,1,91.34,2732.84,2023-12-11,0,NA,2023-12
CUST1203,Female,65,0,No,North,25,Two Year,DSL,No,Mailed Check,2,74.34,1862.24,2023-02-12,0,NA,2023-02
CUST1204,Male,27,0,No,East,5,Month-to-Month,No Internet,Yes,Electronic Check,2,64.4,274.25,2023-10-28,0,NA,2023-10
CUST1205,Male,48,1,Yes,West,65,Month-to-Month,Fiber Optic,Yes,Bank Transfer,2,23.61,1529.06,2022-03-24,0,NA,2022-03
CUST1206,Female,61,1,No,West,49,Two Year,Fiber Optic,Yes,Electronic Check,2,108.59,5349.05,2022-12-03,1,Poor Customer Service,2022-12
CUST1207,Female,28,0,No,South,3,Month-to-Month,DSL,Yes,Mailed Check,3,54.51,181.53,2023-11-22,1,Moved Away,2023-11
CUST1208,Male,42,0,No,East,45,Two Year,Fiber Optic,Yes,Electronic Check,2,33.7,1530.02,2023-07-01,1,Better Price Elsewhere,2023-07
CUST1209,Male,63,0,No,West,14,One Year,DSL,Yes,Mailed Check,2,80.0,1160.96,2023-01-25,0,NA,2023-01
CUST1210,Female,69,1,Yes,West,30,Two Year,Fiber Optic,Yes,Electronic Check,4,45.59,1319.5,2022-11-21,0,NA,2022-11
CUST1211,Female,62,1,No,West,68,Month-to-Month,Fiber Optic,No,Bank Transfer,1,72.72,4950.66,2023-10-04,0,NA,2023-10
CUST1212,Female,51,1,Yes,West,18,Month-to-Month,No Internet,Yes,Credit Card,2,72.81,1339.31,2023-05-15,1,Better Price Elsewhere,2023-05
CUST1213,Female,37,0,No,West,62,One Year,Fiber Optic,Yes,Electronic Check,3,60.12,3731.57,2023-07-09,0,NA,2023-07
CUST1214,Male,24,0,No,South,37,Two Year,No Internet,No,Electronic Check,1,95.25,3506.64,2022-02-06,1,Lack of Features,2022-02
CUST1215,Male,50,1,No,West,25,One Year,No Internet,No,Electronic Check,2,43.85,1059.88,2023-09-25,1,Lack of Features,2023-09
CUST1216,Female,52,0,No,South,48,Month-to-Month,No Internet,No,Credit Card,1,60.38,2937.0,2022-03-12,0,NA,2022-03
CUST1217,Female,46,0,No,North,65,One Year,DSL,No,Mailed Check,3,68.39,4442.43,2022-08-29,0,NA,2022-08
CUST1218,Male,69,0,No,North,53,One Year,DSL,No,Mailed Check,2,79.73,4263.5,2023-10-09,1,Switched to Competitor,2023-10
CUST1219,Female,29,1,No,East,15,One Year,No Internet,No,Electronic Check,2,90.56,1366.99,2023-12-02,0,NA,2023-12
CUST1220,Female,22,0,Yes,South,49,One Year,Fiber Optic,No,Bank Transfer,2,55.53,2738.39,2022-10-22,0,NA,2022-10
CUST1221,Female,29,0,No,East,68,Two Year,DSL,No,Credit Card,1,78.14,5343.95,2022-08-21,0,NA,2022-08
CUST1222,Female,46,0,No,North,12,One Year,DSL,No,Credit Card,1,33.55,418.52,2022-04-03,1,Moved Away,2022-04
CUST1223,Female,52,0,No,North,59,Month-to-Month,Fiber Optic,No,Bank Transfer,2,103.94,6122.27,2023-03-21,1,Financial Constraints,2023-03
CUST1224,Female,37,0,No,North,37,Month-to-Month,Fiber Optic,No,Electronic Check,2,54.48,2017.12,2022-04-11,1,Lack of Features,2022-04
CUST1225,Male,54,0,No,North,61,Month-to-Month,Fiber Optic,Yes,Electronic Check,2,85.66,5255.56,2023-10-11,1,Moved Away,2023-10
CUST1226,Female,18,0,No,West,43,Month-to-Month,DSL,No,Electronic Check,2,21.83,926.06,2023-12-22,0,NA,2023-12
CUST1227,Male,33,0,No,North,70,Month-to-Month,No Internet,No,Electronic Check,2,38.47,2681.71,2022-04-13,0,NA,2022-04
CUST1228,Male,47,1,No,West,39,Month-to-Month,Fiber Optic,No,Electronic Check,3,63.84,2449.33,2023-03-31,0,NA,2023-03
CUST1229,Male,26,0,Yes,West,56,Month-to-Month,No Internet,No,Electronic Check,2,99.04,5587.7,2022-06-20,0,NA,2022-06
CUST1230,Female,59,0,No,East,63,Month-to-Month,DSL,No,Mailed Check,1,67.45,4208.45,2023-12-12,1,Switched to Competitor,2023-12
CUST1231,Female,27,1,No,West,46,Two Year,No Internet,No,Credit Card,3,103.69,4784.56,2022-11-03,0,NA,2022-11
CUST1232,Female,30,0,No,East,11,Two Year,DSL,No,Bank Transfer,3,63.54,690.26,2022-01-30,0,NA,2022-01
CUST1233,Male,65,0,No,West,62,Month-to-Month,DSL,Yes,Credit Card,1,64.14,3967.24,2022-02-17,0,NA,2022-02
CUST1234,Male,37,0,No,West,25,Two Year,Fiber Optic,No,Bank Transfer,2,30.78,787.46,2022-11-29,0,NA,2022-11
CUST1235,Female,46,0,No,North,71,One Year,No Internet,Yes,Electronic Check,2,92.24,6505.75,2022-02-27,1,Moved Away,2022-02
CUST1236,Female,21,0,No,South,52,Month-to-Month,Fiber Optic,Yes,Bank Transfer,2,42.23,2205.33,2022-10-28,0,NA,2022-10
CUST1237,Male,63,0,Yes,West,4,Month-to-Month,No Internet,No,Electronic Check,3,100.97,431.08,2023-01-03,0,NA,2023-01
CUST1238,Male,66,0,No,South,59,One Year,No Internet,Yes,Bank Transfer,1,101.97,6049.05,2023-01-19,0,NA,2023-01
CUST1239,Male,45,0,No,South,72,One Year,Fiber Optic,No,Mailed Check,3,104.9,7519.85,2023-03-18,0,NA,2023-03
CUST1240,Female,54,0,Yes,South,20,One Year,Fiber Optic,Yes,Credit Card,1,66.82,1376.14,2022-05-30,0,NA,2022-05
CUST1241,Male,30,0,No,West,63,Month-to-Month,DSL,Yes,Electronic Check,2,80.94,5114.83,2022-09-08,1,Switched to Competitor,2022-09
CUST1242,Male,20,0,No,South,54,Month-to-Month,Fiber Optic,No,Electronic Check,3,90.07,4901.97,2023-06-28,0,NA,2023-06
CUST1243,Male,54,0,No,West,57,Month-to-Month,No Internet,Yes,Credit Card,2,31.79,1810.56,2023-02-26,0,NA,2023-02
CUST1244,Female,65,0,Yes,North,41,Month-to-Month,Fiber Optic,No,Electronic Check,1,74.09,3041.89,2023-08-03,1,Moved Away,2023-08
CUST1245,Female,36,0,Yes,West,3,Month-to-Month,Fiber Optic,No,Bank Transfer,4,23.09,111.17,2023-11-30,1,Moved Away,2023-11
CUST1246,Female,45,0,No,East,6,Month-to-Month,No Internet,No,Bank Transfer,3,64.78,428.67,2022-07-04,0,NA,2022-07
CUST1247,Male,36,0,Yes,North,5,Two Year,DSL,No,Credit Card,3,33.94,164.52,2022-06-24,0,NA,2022-06
CUST1248,Male,34,1,No,South,5,Two Year,No Internet,No,Credit Card,2,36.46,159.74,2022-06-29,0,NA,2022-06
CUST1249,Male,35,1,Yes,South,54,Month-to-Month,Fiber Optic,No,Credit Card,1,52.85,2843.22,2022-03-22,1,Moved Away,2022-03
CUST1250,Male,35,0,No,East,47,Two Year,DSL,No,Electronic Check,4,58.92,2758.02,2023-09-17,0,NA,2023-09
CUST1251,Female,40,0,Yes,North,49,Month-to-Month,DSL,Yes,Credit Card,2,76.09,3707.1,2023-01-27,1,Moved Away,2023-01
CUST1252,Male,57,0,Yes,East,9,Month-to-Month,DSL,No,Bank Transfer,3,26.7,217.16,2023-09-27,0,NA,2023-09
CUST1253,Male,67,1,No,South,20,Month-to-Month,DSL,No,Bank Transfer,2,65.33,1342.71,2023-12-01,1,Financial Constraints,2023-12
CUST1254,Female,26,0,Yes,West,61,One Year,DSL,No,Electronic Check,2,36.44,2179.83,2022-09-04,0,NA,2022-09
CUST1255,Male,46,0,No,South,35,Two Year,Fiber Optic,No,Bank Transfer,4,71.66,2525.86,2023-05-25,0,NA,2023-05
CUST1256,Male,68,0,No,East,50,One Year,Fiber Optic,No,Credit Card,2,77.37,3835.78,2023-08-21,0,NA,2023-08
CUST1257,Male,59,0,No,West,62,Month-to-Month,DSL,No,Credit Card,1,70.1,4330.65,2022-05-27,0,NA,2022-05
CUST1258,Female,46,1,No,West,17,One Year,Fiber Optic,No,Mailed Check,1,86.45,1425.8,2022-08-26,0,NA,2022-08
CUST1259,Male,19,0,Yes,South,3,Month-to-Month,DSL,Yes,Electronic Check,2,50.2,127.6,2023-04-18,1,Better Price Elsewhere,2023-04
CUST1260,Female,34,0,Yes,West,32,Two Year,Fiber Optic,Yes,Mailed Check,1,88.86,2870.36,2023-10-16,1,Financial Constraints,2023-10
CUST1261,Male,62,0,No,North,13,One Year,DSL,No,Credit Card,2,58.95,804.85,2022-09-18,0,NA,2022-09
CUST1262,Female,48,0,No,South,68,Month-to-Month,DSL,No,Bank Transfer,2,63.58,4295.59,2023-04-16,0,NA,2023-04
CUST1263,Female,45,0,No,South,14,One Year,Fiber Optic,Yes,Mailed Check,3,78.33,1092.97,2022-09-19,0,NA,2022-09
CUST1264,Female,60,0,No,North,11,One Year,Fiber Optic,Yes,Electronic Check,2,21.65,235.18,2023-11-14,1,Moved Away,2023-11
CUST1265,Male,65,0,No,South,56,Month-to-Month,Fiber Optic,Yes,Mailed Check,4,78.86,4453.52,2022-01-10,1,Financial Constraints,2022-01
CUST1266,Male,69,0,Yes,East,67,One Year,DSL,No,Mailed Check,1,75.67,5096.17,2023-04-22,1,Lack of Features,2023-04
CUST1267,Female,56,0,No,East,29,Month-to-Month,No Internet,No,Credit Card,2,47.89,1390.12,2022-10-22,0,NA,2022-10
CUST1268,Female,47,0,No,South,9,One Year,Fiber Optic,No,Bank Transfer,1,27.72,266.55,2023-11-25,1,Lack of Features,2023-11
CUST1269,Male,52,0,No,North,67,Two Year,DSL,Yes,Electronic Check,3,28.18,1922.8,2023-07-14,0,NA,2023-07
CUST1270,Female,65,0,No,West,25,Two Year,Fiber Optic,Yes,Mailed Check,4,103.09,2528.2,2022-06-11,1,Poor Customer Service,2022-06
CUST1271,Male,68,0,No,North,42,One Year,DSL,Yes,Electronic Check,3,82.04,3435.97,2022-03-17,0,NA,2022-03
CUST1272,Male,37,1,Yes,East,9,One Year,No Internet,Yes,Credit Card,2,31.44,323.68,2023-03-29,0,NA,2023-03
CUST1273,Female,33,0,No,South,40,Month-to-Month,Fiber Optic,No,Mailed Check,2,52.11,2108.43,2022-12-20,0,NA,2022-12
CUST1274,Female,51,0,No,North,25,One Year,DSL,No,Mailed Check,3,73.32,1837.28,2023-08-25,0,NA,2023-08
CUST1275,Male,31,0,No,West,5,Month-to-Month,Fiber Optic,Yes,Mailed Check,4,95.2,478.96,2022-11-03,0,NA,2022-11
CUST1276,Male,43,0,Yes,West,11,Month-to-Month,Fiber Optic,Yes,Bank Transfer,4,23.93,248.01,2023-10-17,0,NA,2023-10
CUST1277,Male,37,0,Yes,West,59,Month-to-Month,Fiber Optic,Yes,Bank Transfer,2,41.3,2438.75,2023-03-11,0,NA,2023-03
CUST1278,Female,59,0,No,West,38,Month-to-Month,Fiber Optic,No,Bank Transfer,4,100.08,3818.58,2023-12-08,1,Lack of Features,2023-12
CUST1279,Male,68,1,No,North,72,One Year,DSL,Yes,Electronic Check,1,20.82,1490.88,2022-09-14,0,NA,2022-09
CUST1280,Female,41,0,No,West,5,Month-to-Month,Fiber Optic,Yes,Electronic Check,1,38.13,212.07,2023-04-13,1,Switched to Competitor,2023-04
CUST1281,Female,60,1,No,East,48,One Year,DSL,Yes,Electronic Check,1,106.31,5139.0,2022-11-06,1,Better Price Elsewhere,2022-11
CUST1282,Male,35,0,No,West,18,Month-to-Month,Fiber Optic,No,Bank Transfer,1,75.21,1319.25,2022-07-23,0,NA,2022-07
CUST1283,Female,60,0,No,East,70,Month-to-Month,Fiber Optic,No,Electronic Check,3,43.55,3043.65,2023-01-29,0,NA,2023-01
CUST1284,Female,26,0,No,North,37,One Year,DSL,No,Bank Transfer,3,26.03,953.91,2023-05-10,0,NA,2023-05
CUST1285,Female,36,0,No,East,60,Month-to-Month,No Internet,Yes,Credit Card,3,22.54,1371.15,2022-04-20,0,NA,2022-04
CUST1286,Female,37,0,Yes,North,48,Month-to-Month,Fiber Optic,No,Credit Card,2,42.03,1992.43,2022-08-31,0,NA,2022-08
CUST1287,Male,59,0,Yes,West,28,One Year,No Internet,No,Mailed Check,2,99.33,2795.27,2023-01-26,0,NA,2023-01
CUST1288,Male,47,0,No,South,69,Month-to-Month,DSL,Yes,Mailed Check,3,57.43,4000.42,2023-08-09,0,NA,2023-08
CUST1289,Female,43,0,No,East,40,Two Year,DSL,Yes,Electronic Check,2,84.83,3385.01,2023-01-03,0,NA,2023-01
CUST1290,Female,48,0,Yes,East,45,Month-to-Month,DSL,No,Bank Transfer,3,102.65,4660.35,2023-08-12,0,NA,2023-08
CUST1291,Female,52,0,Yes,South,62,Month-to-Month,Fiber Optic,Yes,Credit Card,3,56.72,3565.96,2022-10-30,0,NA,2022-10
CUST1292,Female,20,0,No,North,58,One Year,Fiber Optic,No,Electronic Check,3,37.21,2118.79,2023-12-18,0,NA,2023-12
CUST1293,Female,57,0,Yes,North,67,Month-to-Month,DSL,No,Mailed Check,2,66.54,4431.49,2022-10-30,0,NA,2022-10
CUST1294,Male,46,0,No,West,56,Month-to-Month,Fiber Optic,No,Credit Card,3,101.73,5741.92,2022-01-23,1,Switched to Competitor,2022-01
CUST1295,Male,23,0,No,East,40,Month-to-Month,No Internet,Yes,Credit Card,1,92.39,3741.43,2023-11-06,1,Moved Away,2023-11
CUST1296,Male,69,0,Yes,North,40,Month-to-Month,Fiber Optic,No,Electronic Check,2,25.92,996.57,2023-02-10,0,NA,2023-02
CUST1297,Male,18,0,No,West,33,Two Year,Fiber Optic,No,Mailed Check,3,82.33,2668.39,2022-10-09,1,Poor Customer Service,2022-10
CUST1298,Female,69,0,Yes,North,6,Month-to-Month,DSL,Yes,Electronic Check,2,71.47,394.93,2022-01-09,0,NA,2022-01
CUST1299,Female,41,0,No,South,19,One Year,Fiber Optic,No,Electronic Check,3,101.67,1981.33,2023-08-03,0,NA,2023-08
CUST1300,Male,55,0,Yes,South,40,Two Year,DSL,Yes,Credit Card,2,31.02,1208.8,2023-12-04,0,NA,2023-12
CUST1301,Male,51,1,Yes,South,59,Month-to-Month,DSL,Yes,Credit Card,2,68.06,4015.79,2022-02-20,1,Moved Away,2022-02
CUST1302,Male,68,0,Yes,West,59,Two Year,No Internet,No,Bank Transfer,3,99.15,5884.69,2023-09-13,0,NA,2023-09
CUST1303,Female,24,0,Yes,East,48,Month-to-Month,No Internet,Yes,Electronic Check,2,56.9,2683.24,2023-05-24,0,NA,2023-05
CUST1304,Female,28,0,Yes,South,41,Two Year,DSL,Yes,Credit Card,2,63.38,2609.03,2022-10-21,0,NA,2022-10
CUST1305,Female,28,0,No,South,13,Month-to-Month,DSL,Yes,Mailed Check,2,26.34,320.12,2022-08-24,0,NA,2022-08
CUST1306,Male,53,1,No,North,45,One Year,No Internet,No,Mailed Check,1,45.03,2062.58,2023-09-14,0,NA,2023-09
CUST1307,Male,37,0,No,South,53,Month-to-Month,Fiber Optic,No,Mailed Check,3,49.21,2586.48,2022-12-27,1,Better Price Elsewhere,2022-12
CUST1308,Female,33,0,No,East,42,Month-to-Month,Fiber Optic,Yes,Electronic Check,1,105.06,4431.2,2022-08-13,0,NA,2022-08
CUST1309,Female,22,1,No,West,63,One Year,Fiber Optic,No,Bank Transfer,3,45.44,2880.14,2023-10-14,1,Moved Away,2023-10
CUST1310,Female,41,0,No,South,27,One Year,Fiber Optic,Yes,Bank Transfer,3,61.48,1632.11,2022-07-14,0,NA,2022-07
CUST1311,Male,47,0,No,West,38,Month-to-Month,DSL,No,Electronic Check,1,80.42,3009.44,2023-09-28,0,NA,2023-09
CUST1312,Female,47,0,No,West,60,Month-to-Month,DSL,No,Electronic Check,3,34.6,2066.92,2022-09-14,0,NA,2022-09
CUST1313,Female,56,0,No,East,7,One Year,DSL,No,Electronic Check,2,63.78,425.38,2023-11-26,0,NA,2023-11
CUST1314,Male,65,0,No,North,5,One Year,Fiber Optic,No,Electronic Check,1,86.47,463.25,2023-11-07,1,Better Price Elsewhere,2023-11
CUST1315,Female,64,0,No,North,45,Two Year,DSL,No,Bank Transfer,1,98.02,4440.94,2023-11-29,1,Financial Constraints,2023-11
CUST1316,Female,54,0,No,West,58,One Year,Fiber Optic,Yes,Credit Card,2,76.36,4424.58,2022-05-21,0,NA,2022-05
CUST1317,Female,50,0,No,South,31,Two Year,DSL,No,Electronic Check,3,80.21,2497.16,2023-10-06,0,NA,2023-10
CUST1318,Female,37,0,No,West,23,One Year,DSL,Yes,Electronic Check,2,31.37,731.94,2022-04-10,0,NA,2022-04
CUST1319,Male,39,0,No,North,42,Month-to-Month,Fiber Optic,No,Bank Transfer,2,105.12,4447.76,2023-10-05,1,Better Price Elsewhere,2023-10
CUST1320,Female,58,0,No,South,10,Month-to-Month,Fiber Optic,Yes,Credit Card,3,31.93,311.8,2023-10-24,1,Poor Customer Service,2023-10
CUST1321,Male,38,1,No,North,32,One Year,Fiber Optic,Yes,Electronic Check,3,89.72,2848.58,2022-02-10,0,NA,2022-02
CUST1322,Female,54,0,No,East,53,One Year,No Internet,Yes,Mailed Check,2,43.83,2299.49,2022-11-13,0,NA,2022-11
CUST1323,Male,44,0,Yes,North,30,Month-to-Month,No Internet,Yes,Bank Transfer,3,104.02,3124.22,2023-03-28,1,Financial Constraints,2023-03
CUST1324,Female,55,0,Yes,South,39,Month-to-Month,DSL,No,Electronic Check,2,84.8,3302.11,2022-02-04,0,NA,2022-02
CUST1325,Female,52,0,No,South,31,Two Year,Fiber Optic,No,Electronic Check,3,87.84,2717.05,2023-08-17,0,NA,2023-08
CUST1326,Male,55,0,No,West,2,One Year,Fiber Optic,No,Bank Transfer,2,39.72,38.55,2023-01-09,0,NA,2023-01
CUST1327,Female,57,1,Yes,South,12,Month-to-Month,DSL,No,Bank Transfer,3,59.87,740.3,2022-05-15,1,Financial Constraints,2022-05
CUST1328,Female,23,0,No,East,39,Month-to-Month,DSL,No,Bank Transfer,2,75.6,2919.77,2022-04-03,0,NA,2022-04
CUST1329,Male,49,1,No,North,66,Month-to-Month,Fiber Optic,Yes,Bank Transfer,1,89.3,5863.5,2022-10-30,1,Switched to Competitor,2022-10
CUST1330,Female,33,0,No,West,13,Month-to-Month,Fiber Optic,Yes,Bank Transfer,2,29.36,372.96,2022-12-01,0,NA,2022-12
CUST1331,Female,45,0,Yes,West,46,Month-to-Month,DSL,Yes,Electronic Check,2,106.61,4876.84,2023-03-02,1,Better Price Elsewhere,2023-03
CUST1332,Female,33,0,Yes,South,27,Month-to-Month,Fiber Optic,Yes,Mailed Check,3,100.12,2711.63,2022-06-29,0,NA,2022-06
CUST1333,Female,44,0,No,East,17,One Year,Fiber Optic,Yes,Electronic Check,2,44.33,740.76,2022-07-25,0,NA,2022-07
CUST1334,Female,20,0,No,West,60,Month-to-Month,Fiber Optic,Yes,Electronic Check,3,94.05,5637.89,2022-05-16,1,Moved Away,2022-05
CUST1335,Male,66,0,No,East,64,Two Year,DSL,Yes,Bank Transfer,3,66.65,4269.32,2023-07-07,0,NA,2023-07
CUST1336,Male,38,0,No,East,35,Two Year,No Internet,Yes,Credit Card,3,61.56,2124.95,2023-01-10,1,Poor Customer Service,2023-01
CUST1337,Female,55,1,No,North,70,Month-to-Month,No Internet,No,Credit Card,1,48.3,3346.58,2023-06-28,1,Financial Constraints,2023-06
CUST1338,Female,55,0,Yes,North,30,One Year,DSL,Yes,Bank Transfer,4,72.29,2206.74,2023-05-29,0,NA,2023-05
CUST1339,Male,47,0,No,North,71,Month-to-Month,DSL,No,Electronic Check,3,85.69,6077.36,2022-10-07,0,NA,2022-10
CUST1340,Male,39,0,No,East,63,Two Year,Fiber Optic,No,Electronic Check,3,56.98,3580.95,2022-06-18,0,NA,2022-06
CUST1341,Male,36,0,No,North,28,Month-to-Month,DSL,No,Credit Card,2,76.63,2099.2,2022-09-21,0,NA,2022-09
CUST1342,Male,48,0,No,West,60,One Year,Fiber Optic,Yes,Bank Transfer,2,82.94,4976.2,2023-05-09,0,NA,2023-05
CUST1343,Male,37,1,No,West,37,One Year,DSL,Yes,Bank Transfer,1,84.0,3113.42,2022-10-30,0,NA,2022-10
CUST1344,Male,64,0,No,South,22,Month-to-Month,Fiber Optic,Yes,Bank Transfer,2,24.68,548.84,2022-12-13,0,NA,2022-12
CUST1345,Female,36,0,No,East,68,Month-to-Month,Fiber Optic,Yes,Bank Transfer,1,97.38,6642.54,2022-04-28,1,Better Price Elsewhere,2022-04
CUST1346,Female,19,0,No,North,20,One Year,Fiber Optic,Yes,Credit Card,2,61.24,1192.55,2023-04-25,0,NA,2023-04
CUST1347,Female,57,0,No,West,68,One Year,Fiber Optic,No,Electronic Check,2,43.62,2941.38,2022-03-19,0,NA,2022-03
CUST1348,Female,56,0,Yes,East,64,Month-to-Month,Fiber Optic,No,Bank Transfer,2,41.76,2703.71,2022-05-25,0,NA,2022-05
CUST1349,Female,44,0,No,East,17,One Year,Fiber Optic,No,Credit Card,2,63.47,1123.71,2022-08-20,0,NA,2022-08
CUST1350,Male,25,0,Yes,North,12,Month-to-Month,No Internet,No,Electronic Check,3,99.81,1161.31,2023-11-24,1,Lack of Features,2023-11
CUST1351,Male,62,0,Yes,East,22,One Year,DSL,Yes,Bank Transfer,1,54.05,1188.86,2023-11-22,1,Better Price Elsewhere,2023-11
CUST1352,Male,44,0,No,North,17,Month-to-Month,DSL,No,Electronic Check,3,87.48,1458.58,2023-02-11,0,NA,2023-02
CUST1353,Male,32,0,Yes,North,10,Two Year,No Internet,Yes,Credit Card,1,28.71,243.11,2023-07-25,1,Poor Customer Service,2023-07
CUST1354,Male,29,0,Yes,North,65,Month-to-Month,No Internet,No,Electronic Check,1,62.85,4067.8,2023-01-10,0,NA,2023-01
CUST1355,Male,64,0,No,East,22,Month-to-Month,DSL,No,Bank Transfer,1,109.25,2367.87,2022-04-03,0,NA,2022-04
CUST1356,Female,31,0,No,East,50,Month-to-Month,No Internet,No,Electronic Check,3,89.34,4487.99,2023-02-09,0,NA,2023-02
CUST1357,Female,24,0,No,North,14,Month-to-Month,Fiber Optic,Yes,Bank Transfer,2,38.95,548.67,2022-01-15,1,Financial Constraints,2022-01
CUST1358,Male,34,0,Yes,East,64,One Year,Fiber Optic,No,Electronic Check,3,65.13,4132.7,2022-09-28,0,NA,2022-09
CUST1359,Female,43,0,Yes,North,47,Month-to-Month,Fiber Optic,Yes,Electronic Check,2,41.03,1879.33,2023-07-04,1,Moved Away,2023-07
CUST1360,Male,54,0,Yes,South,29,Two Year,DSL,Yes,Mailed Check,1,56.86,1679.76,2022-05-07,0,NA,2022-05
CUST1361,Female,37,0,No,East,36,Month-to-Month,DSL,Yes,Credit Card,3,90.21,3215.18,2023-04-11,1,Better Price Elsewhere,2023-04
CUST1362,Male,27,0,Yes,East,52,Month-to-Month,Fiber Optic,Yes,Electronic Check,1,89.41,4659.94,2023-01-13,0,NA,2023-01
CUST1363,Male,36,0,No,South,7,Month-to-Month,Fiber Optic,No,Electronic Check,3,40.53,267.4,2023-11-20,0,NA,2023-11
CUST1364,Female,35,0,No,South,29,Month-to-Month,DSL,No,Bank Transfer,1,103.0,2995.55,2023-11-20,0,NA,2023-11
CUST1365,Male,47,1,Yes,South,11,Month-to-Month,Fiber Optic,Yes,Mailed Check,2,73.33,788.2,2022-09-26,1,Poor Customer Service,2022-09
CUST1366,Female,47,1,No,North,33,Month-to-Month,DSL,No,Credit Card,3,54.19,1746.96,2023-08-22,0,NA,2023-08
CUST1367,Female,42,0,No,North,6,Month-to-Month,DSL,No,Electronic Check,4,65.17,363.32,2023-01-26,0,NA,2023-01
CUST1368,Male,41,0,No,West,32,Month-to-Month,DSL,No,Bank Transfer,2,74.46,2351.53,2023-10-16,1,Switched to Competitor,2023-10
CUST1369,Male,27,0,Yes,South,51,One Year,DSL,No,Electronic Check,3,70.39,3582.69,2023-01-16,0,NA,2023-01
CUST1370,Male,19,0,No,West,58,One Year,No Internet,Yes,Electronic Check,1,63.78,3715.07,2022-04-21,0,NA,2022-04
CUST1371,Female,55,0,No,North,26,Month-to-Month,DSL,Yes,Bank Transfer,3,65.44,1677.82,2023-11-23,1,Moved Away,2023-11
CUST1372,Female,49,1,No,East,46,Month-to-Month,DSL,No,Bank Transfer,3,35.88,1601.69,2022-08-28,0,NA,2022-08
CUST1373,Male,52,0,Yes,South,29,Two Year,DSL,No,Bank Transfer,1,93.15,2703.24,2023-04-28,0,NA,2023-04
CUST1374,Male,68,1,No,East,4,One Year,Fiber Optic,No,Electronic Check,2,68.76,285.62,2022-01-26,0,NA,2022-01
CUST1375,Male,54,0,No,North,13,One Year,Fiber Optic,No,Mailed Check,1,31.8,459.69,2023-09-27,0,NA,2023-09
CUST1376,Male,24,0,No,South,39,Month-to-Month,Fiber Optic,No,Mailed Check,2,88.95,3478.0,2023-07-29,0,NA,2023-07
CUST1377,Male,24,0,No,West,15,One Year,DSL,Yes,Credit Card,1,103.92,1555.92,2022-12-02,0,NA,2022-12
CUST1378,Male,44,0,Yes,West,29,One Year,DSL,Yes,Electronic Check,2,105.26,3059.88,2023-09-17,1,Switched to Competitor,2023-09
CUST1379,Male,27,0,Yes,North,29,One Year,No Internet,Yes,Electronic Check,4,53.21,1585.88,2022-08-15,0,NA,2022-08
CUST1380,Female,50,0,No,East,32,Two Year,Fiber Optic,No,Mailed Check,1,32.2,1063.24,2023-10-26,0,NA,2023-10
CUST1381,Female,60,0,Yes,North,2,Month-to-Month,Fiber Optic,No,Mailed Check,2,66.66,115.62,2022-03-06,1,Moved Away,2022-03
CUST1382,Male,24,0,No,East,47,Month-to-Month,No Internet,No,Electronic Check,2,30.13,1389.84,2023-10-13,0,NA,2023-10
CUST1383,Male,23,0,Yes,North,22,One Year,Fiber Optic,No,Credit Card,4,104.06,2265.58,2023-04-21,1,Moved Away,2023-04
CUST1384,Female,23,0,No,West,27,Two Year,DSL,No,Electronic Check,2,36.52,986.48,2023-12-19,0,NA,2023-12
CUST1385,Male,30,0,No,East,67,Month-to-Month,DSL,No,Credit Card,2,42.75,2888.65,2022-11-06,0,NA,2022-11
CUST1386,Female,65,0,No,North,56,Month-to-Month,DSL,No,Electronic Check,2,56.6,3169.92,2023-10-27,0,NA,2023-10
CUST1387,Female,30,0,No,South,21,Month-to-Month,Fiber Optic,Yes,Bank Transfer,1,54.48,1100.86,2023-02-23,0,NA,2023-02
CUST1388,Male,19,0,No,West,47,Month-to-Month,Fiber Optic,No,Credit Card,1,91.52,4323.8,2022-04-30,0,NA,2022-04
CUST1389,Female,36,1,No,West,59,One Year,Fiber Optic,No,Electronic Check,2,61.07,3633.73,2022-05-24,0,NA,2022-05
CUST1390,Female,68,0,Yes,South,6,One Year,DSL,Yes,Credit Card,1,35.37,191.17,2022-02-16,0,NA,2022-02
CUST1391,Male,36,0,No,North,19,Month-to-Month,DSL,Yes,Mailed Check,2,44.05,853.36,2022-02-08,1,Lack of Features,2022-02
CUST1392,Male,67,0,No,East,57,Month-to-Month,Fiber Optic,No,Credit Card,2,65.82,3744.4,2022-11-08,1,Moved Away,2022-11
CUST1393,Female,55,1,Yes,West,69,Month-to-Month,DSL,Yes,Bank Transfer,2,33.27,2334.54,2023-05-20,0,NA,2023-05
CUST1394,Male,19,0,No,North,3,Month-to-Month,No Internet,No,Electronic Check,1,75.05,259.67,2022-04-29,1,Poor Customer Service,2022-04
CUST1395,Female,68,0,Yes,South,1,One Year,Fiber Optic,Yes,Electronic Check,4,70.92,73.46,2022-04-10,1,Poor Customer Service,2022-04
CUST1396,Female,43,0,No,East,58,Two Year,DSL,No,Electronic Check,3,84.32,4909.71,2022-08-29,0,NA,2022-08
CUST1397,Female,23,0,Yes,North,38,Two Year,DSL,No,Electronic Check,1,104.39,4005.15,2023-07-05,0,NA,2023-07
CUST1398,Female,37,0,No,North,15,Month-to-Month,Fiber Optic,Yes,Electronic Check,2,102.1,1531.07,2022-05-19,1,Financial Constraints,2022-05
CUST1399,Female,40,0,Yes,West,34,Two Year,Fiber Optic,No,Electronic Check,2,105.15,3556.43,2023-02-02,0,NA,2023-02
CUST1400,Female,32,0,No,West,61,One Year,DSL,No,Mailed Check,1,42.02,2588.59,2023-04-10,0,NA,2023-04
CUST1401,Male,23,1,No,East,35,One Year,No Internet,No,Credit Card,2,31.84,1086.41,2023-01-15,0,NA,2023-01
CUST1402,Male,45,0,No,North,64,Month-to-Month,No Internet,No,Electronic Check,1,47.2,3009.65,2023-11-18,1,Moved Away,2023-11
CUST1403,Male,52,0,No,South,25,Month-to-Month,DSL,No,Electronic Check,4,100.56,2550.57,2023-12-15,1,Lack of Features,2023-12
CUST1404,Male,28,0,No,South,24,Month-to-Month,DSL,Yes,Bank Transfer,3,107.48,2601.96,2023-07-08,0,NA,2023-07
CUST1405,Female,25,0,Yes,East,12,Month-to-Month,Fiber Optic,No,Electronic Check,2,97.34,1158.46,2023-03-06,1,Moved Away,2023-03
CUST1406,Female,67,0,No,North,18,Month-to-Month,DSL,No,Electronic Check,2,29.9,509.67,2023-08-25,0,NA,2023-08
CUST1407,Female,66,0,Yes,West,15,Month-to-Month,DSL,Yes,Electronic Check,4,105.27,1564.65,2022-06-08,0,NA,2022-06
CUST1408,Female,68,0,Yes,North,27,Month-to-Month,Fiber Optic,Yes,Credit Card,4,58.1,1547.11,2023-03-01,0,NA,2023-03
CUST1409,Female,68,0,No,West,72,One Year,DSL,Yes,Credit Card,4,20.84,1468.09,2023-11-02,0,NA,2023-11
CUST1410,Male,41,0,Yes,South,60,Month-to-Month,DSL,No,Mailed Check,1,59.82,3613.53,2022-04-12,1,Better Price Elsewhere,2022-04
CUST1411,Male,38,1,No,East,46,Month-to-Month,Fiber Optic,No,Bank Transfer,1,24.15,1086.11,2023-05-17,0,NA,2023-05
CUST1412,Male,66,0,No,East,17,Two Year,No Internet,Yes,Mailed Check,3,68.95,1167.57,2023-09-23,0,NA,2023-09
CUST1413,Female,53,0,No,East,53,Two Year,Fiber Optic,No,Bank Transfer,2,50.47,2663.5,2023-02-22,0,NA,2023-02
CUST1414,Female,24,0,No,West,8,One Year,Fiber Optic,No,Bank Transfer,1,62.61,549.09,2022-10-14,0,NA,2022-10
CUST1415,Male,22,0,No,South,27,Two Year,Fiber Optic,Yes,Bank Transfer,1,75.19,2019.24,2022-02-03,1,Financial Constraints,2022-02
CUST1416,Female,46,0,No,South,46,One Year,DSL,No,Electronic Check,3,98.19,4474.74,2023-12-08,0,NA,2023-12
CUST1417,Female,33,0,No,East,50,Two Year,DSL,No,Electronic Check,3,79.57,3937.48,2023-01-15,0,NA,2023-01
CUST1418,Male,23,0,Yes,East,71,Month-to-Month,Fiber Optic,No,Mailed Check,2,59.06,4202.34,2022-08-11,0,NA,2022-08
CUST1419,Female,31,0,No,West,3,Month-to-Month,DSL,Yes,Credit Card,3,93.75,291.19,2023-03-31,0,NA,2023-03
CUST1420,Male,69,0,No,West,64,Month-to-Month,Fiber Optic,Yes,Mailed Check,2,101.5,6487.88,2023-04-01,0,NA,2023-04
CUST1421,Male,19,0,No,North,44,Month-to-Month,DSL,Yes,Credit Card,3,30.78,1347.5,2022-08-30,0,NA,2022-08
CUST1422,Male,42,0,No,West,53,Month-to-Month,DSL,No,Credit Card,2,67.87,3552.5,2023-01-07,1,Financial Constraints,2023-01
CUST1423,Male,48,0,No,North,24,One Year,Fiber Optic,No,Electronic Check,1,45.61,1096.29,2022-04-12,1,Lack of Features,2022-04
CUST1424,Female,67,1,Yes,East,60,One Year,No Internet,No,Bank Transfer,2,24.24,1454.87,2023-12-04,0,NA,2023-12
CUST1425,Female,67,0,Yes,South,3,One Year,Fiber Optic,Yes,Bank Transfer,2,80.17,205.46,2023-01-12,1,Moved Away,2023-01
CUST1426,Female,30,0,Yes,West,20,Month-to-Month,Fiber Optic,Yes,Credit Card,2,97.65,1913.38,2023-07-12,0,NA,2023-07
CUST1427,Male,35,1,Yes,South,46,Two Year,DSL,No,Credit Card,1,34.66,1556.72,2023-10-23,0,NA,2023-10
CUST1428,Female,34,0,Yes,West,15,One Year,No Internet,No,Bank Transfer,4,93.12,1356.9,2023-01-03,0,NA,2023-01
CUST1429,Male,62,0,No,West,25,Month-to-Month,Fiber Optic,No,Electronic Check,1,96.81,2431.22,2022-03-04,1,Financial Constraints,2022-03
CUST1430,Female,45,0,No,North,71,One Year,Fiber Optic,No,Credit Card,1,102.29,7232.24,2023-02-12,0,NA,2023-02
CUST1431,Female,29,0,No,West,17,Month-to-Month,Fiber Optic,Yes,Electronic Check,2,43.88,721.1,2022-10-10,1,Switched to Competitor,2022-10
CUST1432,Male,52,0,Yes,East,9,Month-to-Month,DSL,Yes,Bank Transfer,2,101.36,879.6,2022-07-14,1,Lack of Features,2022-07
CUST1433,Female,39,1,No,South,38,Two Year,Fiber Optic,Yes,Credit Card,2,48.86,1902.46,2022-05-06,0,NA,2022-05
CUST1434,Male,56,0,No,West,48,Month-to-Month,DSL,Yes,Mailed Check,3,69.71,3381.54,2023-04-11,0,NA,2023-04
CUST1435,Male,18,0,No,South,60,Month-to-Month,No Internet,Yes,Bank Transfer,2,24.55,1446.05,2022-04-04,0,NA,2022-04
CUST1436,Female,54,0,No,South,63,Two Year,DSL,Yes,Mailed Check,2,23.95,1491.61,2023-11-10,0,NA,2023-11
CUST1437,Female,38,1,No,South,2,One Year,Fiber Optic,Yes,Mailed Check,3,84.83,140.65,2022-08-06,0,NA,2022-08
CUST1438,Female,18,0,No,West,72,Month-to-Month,Fiber Optic,Yes,Electronic Check,1,60.0,4319.19,2023-10-20,1,Switched to Competitor,2023-10
CUST1439,Female,21,0,No,North,11,Month-to-Month,Fiber Optic,No,Bank Transfer,2,43.07,425.73,2023-10-17,1,Switched to Competitor,2023-10
CUST1440,Male,49,0,Yes,South,64,Month-to-Month,No Internet,Yes,Credit Card,3,37.14,2394.1,2023-09-04,0,NA,2023-09
CUST1441,Male,18,0,No,South,72,One Year,Fiber Optic,No,Credit Card,1,80.3,5783.92,2022-01-22,0,NA,2022-01
CUST1442,Female,30,1,Yes,West,21,Month-to-Month,Fiber Optic,No,Electronic Check,2,20.04,460.7,2022-02-21,1,Switched to Competitor,2022-02
CUST1443,Female,63,0,No,West,18,Month-to-Month,DSL,No,Credit Card,4,92.53,1631.98,2022-12-08,1,Financial Constraints,2022-12
CUST1444,Female,64,0,No,East,64,Two Year,DSL,No,Bank Transfer,2,27.13,1766.73,2022-09-07,0,NA,2022-09
CUST1445,Male,34,0,Yes,East,38,One Year,DSL,Yes,Electronic Check,2,37.23,1443.94,2022-05-09,1,Better Price Elsewhere,2022-05
CUST1446,Female,29,0,Yes,North,32,Month-to-Month,Fiber Optic,No,Electronic Check,4,54.76,1715.04,2023-08-02,0,NA,2023-08
CUST1447,Male,24,0,Yes,North,11,One Year,No Internet,No,Electronic Check,1,63.64,689.9,2022-07-30,0,NA,2022-07
CUST1448,Female,68,0,Yes,North,45,One Year,No Internet,No,Credit Card,1,51.95,2304.77,2022-03-12,1,Financial Constraints,2022-03
CUST1449,Female,20,0,Yes,North,33,Month-to-Month,DSL,Yes,Bank Transfer,3,48.86,1587.85,2023-07-22,0,NA,2023-07
CUST1450,Male,67,0,Yes,South,41,Month-to-Month,No Internet,Yes,Bank Transfer,3,106.75,4353.07,2022-08-01,1,Switched to Competitor,2022-08
CUST1451,Male,43,1,Yes,West,8,Two Year,Fiber Optic,Yes,Electronic Check,2,77.74,627.54,2023-08-24,1,Lack of Features,2023-08
CUST1452,Female,48,0,Yes,East,11,Month-to-Month,DSL,No,Bank Transfer,2,22.11,234.35,2022-08-10,0,NA,2022-08
CUST1453,Male,53,1,No,South,51,One Year,DSL,No,Electronic Check,3,58.72,3039.49,2022-08-27,0,NA,2022-08
CUST1454,Male,43,0,No,West,41,Month-to-Month,DSL,Yes,Mailed Check,3,98.75,4011.39,2022-12-03,0,NA,2022-12
CUST1455,Female,20,0,Yes,West,17,Month-to-Month,Fiber Optic,No,Bank Transfer,1,47.13,848.58,2022-06-01,0,NA,2022-06
CUST1456,Male,61,0,No,South,46,Month-to-Month,Fiber Optic,No,Electronic Check,1,28.51,1284.52,2023-09-03,1,Poor Customer Service,2023-09
CUST1457,Male,45,0,No,South,32,Month-to-Month,Fiber Optic,No,Credit Card,2,88.25,2851.29,2022-01-03,1,Switched to Competitor,2022-01
CUST1458,Female,61,0,No,East,54,Month-to-Month,Fiber Optic,No,Electronic Check,3,74.54,4009.06,2022-10-11,1,Lack of Features,2022-10
CUST1459,Female,34,0,Yes,North,20,Month-to-Month,Fiber Optic,No,Bank Transfer,3,71.33,1390.91,2022-05-29,1,Better Price Elsewhere,2022-05
CUST1460,Male,55,0,No,North,33,Two Year,DSL,Yes,Mailed Check,4,24.82,854.85,2022-05-14,0,NA,2022-05
CUST1461,Female,64,1,No,East,40,Two Year,Fiber Optic,No,Bank Transfer,3,32.64,1286.49,2023-07-08,0,NA,2023-07
CUST1462,Male,47,0,No,East,32,One Year,Fiber Optic,Yes,Electronic Check,2,76.03,2448.85,2022-09-14,0,NA,2022-09
CUST1463,Male,19,0,No,North,2,Two Year,DSL,No,Electronic Check,2,38.7,84.04,2022-06-28,0,NA,2022-06
CUST1464,Male,25,0,No,South,33,Month-to-Month,DSL,No,Credit Card,3,65.37,2154.39,2022-04-23,0,NA,2022-04
CUST1465,Female,31,0,No,North,30,Two Year,No Internet,No,Electronic Check,3,69.04,2070.78,2023-11-08,0,NA,2023-11
CUST1466,Male,54,0,No,West,33,Month-to-Month,DSL,No,Credit Card,2,45.52,1525.38,2022-01-27,0,NA,2022-01
CUST1467,Male,52,0,No,West,26,Two Year,Fiber Optic,Yes,Credit Card,1,105.36,2698.14,2022-05-15,0,NA,2022-05
CUST1468,Male,59,0,No,East,22,Two Year,No Internet,Yes,Electronic Check,4,95.82,2124.86,2022-01-16,0,NA,2022-01
CUST1469,Female,56,0,No,North,66,One Year,DSL,No,Electronic Check,2,85.01,5650.24,2023-01-02,1,Better Price Elsewhere,2023-01
CUST1470,Female,28,0,Yes,North,38,Two Year,Fiber Optic,Yes,Bank Transfer,2,27.02,982.54,2022-09-01,0,NA,2022-09
CUST1471,Female,32,0,No,West,46,One Year,DSL,No,Credit Card,2,29.55,1323.37,2023-08-26,0,NA,2023-08
CUST1472,Male,19,0,Yes,North,15,Month-to-Month,No Internet,Yes,Credit Card,3,64.35,986.91,2022-11-28,1,Lack of Features,2022-11
CUST1473,Male,54,0,No,East,44,Month-to-Month,Fiber Optic,Yes,Mailed Check,1,34.46,1509.97,2022-01-17,0,NA,2022-01
CUST1474,Female,60,1,No,East,49,One Year,Fiber Optic,Yes,Credit Card,3,108.04,5284.31,2022-06-28,0,NA,2022-06
CUST1475,Male,49,1,Yes,West,61,Month-to-Month,Fiber Optic,No,Electronic Check,1,34.27,2054.17,2022-09-29,0,NA,2022-09
CUST1476,Male,57,0,No,North,67,One Year,Fiber Optic,No,Credit Card,1,63.87,4279.97,2022-02-23,0,NA,2022-02
CUST1477,Male,30,0,Yes,North,6,Two Year,Fiber Optic,Yes,Credit Card,2,52.77,279.27,2022-05-10,1,Lack of Features,2022-05
CUST1478,Male,60,1,No,West,9,Month-to-Month,DSL,Yes,Electronic Check,3,77.54,695.52,2023-03-08,0,NA,2023-03
CUST1479,Female,34,1,Yes,South,6,One Year,Fiber Optic,No,Electronic Check,4,31.61,216.02,2023-06-23,1,Financial Constraints,2023-06
CUST1480,Female,32,0,No,South,32,Two Year,No Internet,Yes,Electronic Check,3,58.73,1855.19,2022-04-27,0,NA,2022-04
CUST1481,Female,50,0,No,North,41,Two Year,DSL,No,Electronic Check,4,44.72,1831.6,2022-03-07,0,NA,2022-03
CUST1482,Male,68,1,No,East,8,Two Year,DSL,No,Credit Card,1,99.9,848.4,2023-05-03,0,NA,2023-05
CUST1483,Male,33,0,No,South,72,One Year,No Internet,No,Mailed Check,1,23.65,1721.47,2023-04-05,1,Financial Constraints,2023-04
CUST1484,Female,68,0,Yes,North,50,Two Year,Fiber Optic,No,Electronic Check,2,102.24,5146.14,2023-01-06,1,Financial Constraints,2023-01
CUST1485,Female,30,1,No,South,62,One Year,DSL,No,Mailed Check,1,94.97,5879.62,2023-06-10,0,NA,2023-06
CUST1486,Female,39,0,Yes,West,62,Month-to-Month,DSL,No,Credit Card,3,46.78,2927.15,2023-08-31,0,NA,2023-08
CUST1487,Male,40,1,Yes,South,7,Month-to-Month,No Internet,No,Bank Transfer,3,91.04,591.33,2022-04-22,0,NA,2022-04
CUST1488,Female,53,0,Yes,South,4,One Year,No Internet,No,Mailed Check,4,22.81,53.53,2023-04-08,0,NA,2023-04
CUST1489,Male,60,1,No,West,6,Month-to-Month,Fiber Optic,Yes,Electronic Check,1,107.02,612.43,2023-05-31,1,Moved Away,2023-05
CUST1490,Female,67,0,No,East,58,One Year,No Internet,No,Credit Card,2,67.39,3898.82,2022-08-15,1,Financial Constraints,2022-08
CUST1491,Male,67,1,Yes,North,22,One Year,Fiber Optic,Yes,Credit Card,2,47.3,1075.17,2023-09-22,0,NA,2023-09
CUST1492,Male,27,0,Yes,East,26,Month-to-Month,No Internet,No,Electronic Check,1,52.63,1353.01,2022-02-14,0,NA,2022-02
CUST1493,Female,34,0,Yes,East,3,One Year,No Internet,No,Electronic Check,2,25.98,93.4,2023-11-06,0,NA,2023-11
CUST1494,Male,47,0,No,South,41,One Year,Fiber Optic,Yes,Electronic Check,2,109.04,4491.57,2023-06-18,0,NA,2023-06
CUST1495,Male,30,0,No,North,60,Month-to-Month,DSL,Yes,Electronic Check,2,23.54,1421.02,2022-11-05,1,Poor Customer Service,2022-11
CUST1496,Female,47,0,Yes,South,14,Month-to-Month,Fiber Optic,No,Bank Transfer,2,78.94,1090.88,2023-04-15,0,NA,2023-04
CUST1497,Female,63,0,No,West,12,Month-to-Month,Fiber Optic,No,Credit Card,1,59.85,725.91,2023-10-21,0,NA,2023-10
CUST1498,Female,47,0,No,East,12,Month-to-Month,DSL,No,Mailed Check,2,105.4,1249.03,2022-02-01,0,NA,2022-02
CUST1499,Male,24,0,No,East,13,Two Year,DSL,No,Credit Card,2,42.14,506.21,2022-03-04,0,NA,2022-03
CUST1500,Male,27,0,No,West,25,Month-to-Month,No Internet,Yes,Mailed Check,1,67.89,1746.53,2023-05-06,0,NA,2023-05
